timezone,created_at,last_event_type,release_channel,user_id,page_path,game_version,started_at,session_elapsed_seconds,quit_reason,end_reason,session_id,site_host,quit_inferred,last_activity_at,player_id,ip_address,user_agent,last_level_completed,ended_at,session_state,total_playtime_seconds,updated_at,current_level_started_at,language,current_level_number,id
America/Los_Angeles,2026-03-03T20:54:59.611000+00:00,before_unload,custom,laduhza9OwPwalkPKpxhRLGFgS53,"/53d7a21b0d0e0df1794a0a07a11b6cf2cb5f7d56e19af36f82b4fdd787c40c1c,1772657697,7/data/games/16/237/1054487/files/69a74a815a295/index.html",2026.03.0,2026-03-03T20:54:59.611000+00:00,,,,0fdbd822-aec3-4dba-a739-bb45ff58c4af,serve.gamejolt.net,False,2026-03-03T21:50:41.944000+00:00,1baa6b31-4819-4fe1-91a7-3bf8e145de7f,205.175.106.149,"Mozilla/5.0 (Windows NT 10.0; Win64; x64) AppleWebKit/537.36 (KHTML, like Gecko) Chrome/145.0.0.0 Safari/537.36",17.0,,active,1404.53,2026-03-03T21:50:41.944000+00:00,2026-03-03T21:49:01.506000+00:00,en-US,,0MvsgLkbyitVn3F5nO60
Europe/Moscow,2026-03-04T11:16:03.943000+00:00,level_start,custom,LZhtBOggbYfXuUU6Fg2lszOxpw63,"/2c3c21963f6e49ff7155b41eefb5acc84cb8ae5b54c78d81f9e6497daeeb55f1,1772709359,7/data/games/16/237/1054487/files/69a74a815a295/index.html",2026.03.0,2026-03-04T11:16:03.943000+00:00,,,,04c13f54-56e9-43ba-84b5-2e32aaaa2ae6,serve.gamejolt.net,False,2026-03-04T11:17:23.232000+00:00,941197e5-d02e-4e95-8b4b-ee0663cb938b,,"Mozilla/5.0 (X11; Linux x86_64) AppleWebKit/537.36 (KHTML, like Gecko) Chrome/134.0.0.0 Safari/537.36",4.0,,active,93.64,2026-03-04T11:17:34.169000+00:00,2026-03-04T11:17:23.275000+00:00,en-US,5.0,0XfTyi2XAWPozF300z1F
America/Los_Angeles,2026-03-04T06:54:19.288000+00:00,before_unload,custom,KRkOl9rJuER4DTgz7MdwicIriaz1,"/e6d425455de55eeeee1d9f400d42cc4d929e05977533bdfed863d09eb0feb832,1772693657,7/data/games/16/237/1054487/files/69a74a815a295/index.html",2026.03.0,2026-03-04T06:54:19.288000+00:00,2231.0,,beforeunload,c279936d-c6f6-48e3-be55-1ec08713531c,serve.gamejolt.net,False,2026-03-04T07:31:28.901000+00:00,57a0af4c-4fdd-47c6-8f47-1e04d3c6e529,174.21.80.99,"Mozilla/5.0 (Windows NT 10.0; Win64; x64) AppleWebKit/537.36 (KHTML, like Gecko) Chrome/145.0.0.0 Safari/537.36",27.0,2026-03-04T07:31:28.946000+00:00,ended,2231.0,2026-03-04T07:31:28.946000+00:00,2026-03-04T07:31:21.179000+00:00,en-US,,0xmV5Tclf4oSp0JdtTkJ
America/Chicago,2026-03-04T04:39:21.184000+00:00,quit_reason,custom,0sPCuFLHkOWMDuHBHdCuu7ParUG3,"/6787bfe3f6c9eb7c0bb028325374450ecdec8a586f62b5b6fdd01efc61d7ff90,1772685559,7/data/games/16/237/1054487/files/69a74a815a295/index.html",2026.03.0,2026-03-04T04:39:21.184000+00:00,117.97,,beforeunload,4ab571b0-7451-481a-9296-aa5c43ad1197,serve.gamejolt.net,False,2026-03-04T04:41:18.117000+00:00,19e62b5e-8283-42c0-ad54-9f0cd265e162,67.165.184.118,"Mozilla/5.0 (Windows NT 10.0; Win64; x64) AppleWebKit/537.36 (KHTML, like Gecko) Chrome/145.0.0.0 Safari/537.36",7.0,2026-03-04T04:41:18.191000+00:00,ended,117.97,2026-03-04T04:41:18.191000+00:00,2026-03-04T04:41:17.488000+00:00,en-US,,1uiNvOvekjUBmy3Ue3Wq
America/Los_Angeles,2026-03-03T20:46:49.703000+00:00,before_unload,custom,laduhza9OwPwalkPKpxhRLGFgS53,"/088f30a62c1c39082232ea9807f6a60a6c1d38463de5485c412dd06b0b8866c3,1772657208,7/data/games/16/237/1054487/files/69a7457cf250f/index.html",2026.03.0,2026-03-03T20:46:49.703000+00:00,,inactivity_timeout,,ad2a364a-da21-411b-a222-f56712176a7d,serve.gamejolt.net,True,2026-03-03T20:55:00.736000+00:00,1baa6b31-4819-4fe1-91a7-3bf8e145de7f,205.175.106.149,"Mozilla/5.0 (Windows NT 10.0; Win64; x64) AppleWebKit/537.36 (KHTML, like Gecko) Chrome/145.0.0.0 Safari/537.36",0.0,,active,64.52,2026-03-03T20:55:00.736000+00:00,,en-US,,2ctP6DUIMlCLSnBGVyEx
America/Los_Angeles,2026-03-04T06:51:48.950000+00:00,before_unload,custom,eqogggymrxWbhez2ocdnX0iaYZx1,"/5297f022735076b54e36ead61a2e08f74caf56ef885ba1f21651a95aa3b595bc,1772693504,7/data/games/16/237/1054487/files/69a74a815a295/index.html",2026.03.0,2026-03-04T06:51:48.950000+00:00,409.29,,beforeunload,6be58f21-94f1-4b32-880b-8a195b5ce57d,serve.gamejolt.net,False,2026-03-04T06:58:35.431000+00:00,6bb15770-3531-4cfe-b65c-b0c493889dae,97.126.39.127,"Mozilla/5.0 (Windows NT 10.0; Win64; x64) AppleWebKit/537.36 (KHTML, like Gecko) Chrome/145.0.0.0 Safari/537.36",13.0,2026-03-04T06:58:35.550000+00:00,ended,409.29,2026-03-04T06:58:35.550000+00:00,2026-03-04T06:57:49.572000+00:00,en-US,,2zkJciMxakPP4SAhmoDg
America/Los_Angeles,2026-03-03T21:01:48.785000+00:00,quit_reason,custom,rqRsF0b3Age70UcB5ynDW2WOOpr1,"/6c0fac8aad0c32cf36dd9538c85216b88c47241eda4e465286e2a2edb0f74132,1772658104,7/data/games/16/237/1054487/files/69a74a815a295/index.html",2026.03.0,2026-03-03T21:01:48.785000+00:00,,inactivity_timeout,,a63902f6-d1f8-4462-81cd-bd7e1a9cc855,serve.gamejolt.net,True,2026-03-03T21:05:23.670000+00:00,834b3d23-7f62-46f6-8fb0-3d257225cecb,205.175.106.195,"Mozilla/5.0 (Windows NT 10.0; Win64; x64) AppleWebKit/537.36 (KHTML, like Gecko) Chrome/145.0.0.0 Safari/537.36",1.0,,active,97.87,2026-03-03T21:21:18.746000+00:00,2026-03-03T21:01:53.325000+00:00,en-US,,5Q0my0cmaMwbWG7PHxKI
America/Los_Angeles,2026-03-04T07:31:52.996000+00:00,before_unload,custom,eqogggymrxWbhez2ocdnX0iaYZx1,"/e96e3d0481a8a30a5d43edf48fb6751751133507872c4e8c0d30c054cd21dfc7,1772695911,7/data/games/16/237/1054487/files/69a74a815a295/index.html",2026.03.0,2026-03-04T07:31:52.996000+00:00,1324.9,,beforeunload,ee6f2c2b-fc77-446c-a2f0-7430a8e8028f,serve.gamejolt.net,False,2026-03-04T07:53:57.098000+00:00,6bb15770-3531-4cfe-b65c-b0c493889dae,97.126.39.127,"Mozilla/5.0 (Windows NT 10.0; Win64; x64) AppleWebKit/537.36 (KHTML, like Gecko) Chrome/145.0.0.0 Safari/537.36",2.0,2026-03-04T07:53:57.174000+00:00,ended,1324.9,2026-03-04T07:53:57.174000+00:00,2026-03-04T07:53:30.300000+00:00,en-US,,5VyLtpcD2ic6mJGWfYGb
America/Los_Angeles,2026-03-04T01:21:36.240000+00:00,before_unload,custom,rqRsF0b3Age70UcB5ynDW2WOOpr1,"/fb8b90a069f44bc91d953141c0bf8f873d53cc9fe903310ddcc566e0d5408d15,1772673695,7/data/games/16/237/1054487/files/69a74a815a295/index.html",2026.03.0,2026-03-04T01:21:36.240000+00:00,,inactivity_timeout,,712d7d89-526b-4283-9d76-ed8668c897d3,serve.gamejolt.net,True,2026-03-04T01:31:27.510000+00:00,834b3d23-7f62-46f6-8fb0-3d257225cecb,205.175.106.195,"Mozilla/5.0 (Windows NT 10.0; Win64; x64) AppleWebKit/537.36 (KHTML, like Gecko) Chrome/145.0.0.0 Safari/537.36",1.0,,active,114.17,2026-03-04T01:31:27.510000+00:00,2026-03-04T01:22:05.414000+00:00,en-US,,5k93TCd7pueUgFq4OBmF
America/Los_Angeles,2026-03-04T07:25:04.304000+00:00,before_unload,custom,bIuPdBQi1ngKOJ6pz7xINLAnXzr2,"/2c8dd8f609c484c4d646c48285aa910cea6daaffd7143f1b5036df54dc7da692,1772695500,7/data/games/16/237/1054487/files/69a74a815a295/index.html",2026.03.0,2026-03-04T07:25:04.304000+00:00,,,,414ce9ed-95b4-4232-9e79-551aad3573c9,serve.gamejolt.net,False,2026-03-04T07:29:57.969000+00:00,4d159bde-fd10-4e61-b657-1a2d922fcbe7,67.185.11.111,"Mozilla/5.0 (Windows NT 10.0; Win64; x64) AppleWebKit/537.36 (KHTML, like Gecko) Chrome/145.0.0.0 Safari/537.36",15.0,,active,272.48,2026-03-04T07:29:57.969000+00:00,2026-03-04T07:29:48.316000+00:00,en-US,,7HOcZmJy27tUJxMoI7BK
Europe/Berlin,2026-03-04T15:59:15.344000+00:00,quit_reason,custom,lsoQQz7mgBeUWp0Wqw3qNpQvtKm2,"/1f6b53f82548e6d8cbad769c475f1e21a32c139323a57a4219cdf8352bf23681,1772726351,7/data/games/16/237/1054487/files/69a74a815a295/index.html",2026.03.0,2026-03-04T15:59:15.344000+00:00,16.93,,beforeunload,be9ea2c4-5d9e-4995-bcd8-889485f41d52,serve.gamejolt.net,False,2026-03-04T15:59:30.052000+00:00,233287c4-2f3c-4973-9584-3a4045947568,145.108.232.22,"Mozilla/5.0 (Windows NT 10.0; Win64; x64) AppleWebKit/537.36 (KHTML, like Gecko) Chrome/145.0.0.0 Safari/537.36",0.0,2026-03-04T15:59:30.124000+00:00,ended,16.93,2026-03-04T15:59:30.124000+00:00,2026-03-04T15:59:18.624000+00:00,en-US,,8ppYNx9BE3aP02H5UysL
Australia/Sydney,2026-03-04T07:03:50.434000+00:00,before_unload,custom,unFVgzrMHOaF4NPbZQCSazqGMua2,"/c16acd3d67d053164c5018285af66e0f68731131889ab965f1ab8f6fce23c358,1772694225,7/data/games/16/237/1054487/files/69a74a815a295/index.html",2026.03.0,2026-03-04T07:03:50.434000+00:00,,inactivity_timeout,,fc1a88ba-ecb2-4f01-b055-75409ee86d2d,serve.gamejolt.net,True,2026-03-04T08:38:39.714000+00:00,9f12f2ac-4cce-455d-babc-9f27ea32b2a4,115.186.214.11,"Mozilla/5.0 (Windows NT 10.0; Win64; x64) AppleWebKit/537.36 (KHTML, like Gecko) Chrome/145.0.0.0 Safari/537.36",13.0,,active,371.36,2026-03-04T08:38:39.714000+00:00,2026-03-04T07:08:44.262000+00:00,en-US,,CH2Dy6X83MBEJ8J2Y4Ll
America/Los_Angeles,2026-03-04T19:56:47.060000+00:00,before_unload,custom,U8oKx4ooqoVrYTeNfyLRXXtXxZg2,"/212d22f6b96d38536cfc6dc1456d810507df45388aa54b5350f8d10dd099dc4b,1772735662,7/data/games/16/237/1054487/files/69a74a815a295/index.html",2026.03.0,2026-03-04T19:56:47.060000+00:00,,inactivity_timeout,,d5f438e0-e92c-406f-acc5-2aaa23e326bb,serve.gamejolt.net,True,2026-03-04T20:13:39.200000+00:00,173ce1d1-4772-4219-aad3-3d7fb45b0a8e,97.126.166.30,"Mozilla/5.0 (Windows NT 10.0; Win64; x64) AppleWebKit/537.36 (KHTML, like Gecko) Chrome/145.0.0.0 Safari/537.36",0.0,,active,61.87,2026-03-04T20:13:39.200000+00:00,,en-US,,CwF6BDFC1pENT2KgCf29
America/Los_Angeles,2026-03-04T06:11:49.351000+00:00,before_unload,custom,h7hfDhKtqAdDMdDlMPLfIMKmEFF2,"/f6dad4c3d201f597f3e7fc3cad3e7251a8c6539e2d1e808e90947181cd322415,1772691108,7/data/games/16/237/1054487/files/69a74a815a295/index.html",2026.03.0,2026-03-04T06:11:49.351000+00:00,,inactivity_timeout,,fcc64f3a-7f90-498a-9ae1-0fdc5113b7ed,serve.gamejolt.net,True,2026-03-04T10:16:05.447000+00:00,3deb0762-2c72-4f4f-b2d9-8f91f4b9c4c4,97.126.39.127,"Mozilla/5.0 (Macintosh; Intel Mac OS X 10_15_7) AppleWebKit/537.36 (KHTML, like Gecko) Chrome/145.0.0.0 Safari/537.36",0.0,,active,75.11,2026-03-04T10:16:05.447000+00:00,,en-US,,DMyHgdlQyr15oewzZG3c
America/Los_Angeles,2026-03-03T20:36:19.423000+00:00,tab_visible,custom,oHebuZq0NeM5QZ92UrSHx0UekyJ3,"/714b0650c0c40744ec3a2e1a4d15ebd0c57aa9dca265fa80cebc51e7889511b4,1772656576,7/data/games/16/237/1054487/files/69a7457cf250f/index.html",2026.03.0,2026-03-03T20:36:19.423000+00:00,,,,id-1772570177848-4e4cf3bf991ff,serve.gamejolt.net,False,2026-03-03T20:36:56.538000+00:00,id-1772570177848-66309bf8e036d,205.175.106.149,"GJClient 1.39.4 (+http://gamejolt.com) - Mozilla/5.0 (Windows NT 10.0; Win64; x64) AppleWebKit/537.36 (KHTML, like Gecko) Chrome/47.0.2526.106 Safari/537.36",0.0,,active,31.51,2026-03-03T20:36:56.538000+00:00,,en-US,,GEo2yybqTcpyMtw6GEKf
America/Los_Angeles,2026-03-04T07:31:42.698000+00:00,before_unload,custom,KRkOl9rJuER4DTgz7MdwicIriaz1,"/c1cd8236ea1b1982865d7bb7ea22a071b780d7e7d1f85d2b6a8b32b2f4260d73,1772695901,7/data/games/16/237/1054487/files/69a74a815a295/index.html",2026.03.0,2026-03-04T07:31:42.698000+00:00,,inactivity_timeout,,73dc1cbc-9baf-449f-bbba-181144108be8,serve.gamejolt.net,True,2026-03-04T09:00:33.317000+00:00,57a0af4c-4fdd-47c6-8f47-1e04d3c6e529,174.21.80.99,"Mozilla/5.0 (Windows NT 10.0; Win64; x64) AppleWebKit/537.36 (KHTML, like Gecko) Chrome/145.0.0.0 Safari/537.36",67.0,,active,2825.87,2026-03-04T09:00:33.317000+00:00,2026-03-04T08:10:07.082000+00:00,en-US,,GlF38nAvXSY7K29RCpQL
America/Los_Angeles,2026-03-04T05:45:02.500000+00:00,before_unload,custom,h7hfDhKtqAdDMdDlMPLfIMKmEFF2,"/bf92d07c7dd920a52a8600af2b3f7bc38fbb23cbc708ce77176c686d168ee274,1772689501,7/data/games/16/237/1054487/files/69a74a815a295/index.html",2026.03.0,2026-03-04T05:45:02.500000+00:00,,inactivity_timeout,,3609d4be-9ded-4435-9489-5d8182c3c5c4,serve.gamejolt.net,True,2026-03-04T10:16:05.697000+00:00,3deb0762-2c72-4f4f-b2d9-8f91f4b9c4c4,97.126.39.127,"Mozilla/5.0 (Macintosh; Intel Mac OS X 10_15_7) AppleWebKit/537.36 (KHTML, like Gecko) Chrome/145.0.0.0 Safari/537.36",0.0,,active,60.91,2026-03-04T10:16:05.697000+00:00,,en-US,,GlzhULB4BAlr4KaUHN1F
America/Los_Angeles,2026-03-04T07:07:30.928000+00:00,before_unload,custom,eqogggymrxWbhez2ocdnX0iaYZx1,"/9b87a915ac809221edbb37df8e07f30a63029c665162f3868c0f86c41908c914,1772694442,7/data/games/16/237/1054487/files/69a74a815a295/index.html",2026.03.0,2026-03-04T07:07:30.928000+00:00,607.76,,beforeunload,9fb5b6af-8ed0-45d0-97a5-f8e96f7564c6,serve.gamejolt.net,False,2026-03-04T07:17:36.126000+00:00,6bb15770-3531-4cfe-b65c-b0c493889dae,97.126.39.127,"Mozilla/5.0 (Windows NT 10.0; Win64; x64) AppleWebKit/537.36 (KHTML, like Gecko) Chrome/145.0.0.0 Safari/537.36",1.0,2026-03-04T07:17:36.177000+00:00,ended,600.68,2026-03-04T07:17:36.177000+00:00,2026-03-04T07:16:47.365000+00:00,en-US,,H1zxHGGd8XduDQijALxA
America/Los_Angeles,2026-03-04T03:44:35.578000+00:00,quit_reason,custom,lvmJUlh9gIe6ES71VK612p0FfHt1,"/19e6da14201248f45d6bfb2ed3fed3e78b1f773fbeb0db4006842e36d53dd5b1,1772682274,7/data/games/16/237/1054487/files/69a74a815a295/index.html",2026.03.0,2026-03-04T03:44:35.578000+00:00,,inactivity_timeout,,8b4b3ca1-d72a-4415-9874-54c33c0d2539,serve.gamejolt.net,True,2026-03-04T05:12:06.598000+00:00,db270b62-178f-47c4-8cfa-3ac38d7e7e40,76.135.226.74,"Mozilla/5.0 (Windows NT 10.0; Win64; x64) AppleWebKit/537.36 (KHTML, like Gecko) Chrome/145.0.0.0 Safari/537.36",11.0,,active,1478.69,2026-03-04T05:55:15.330000+00:00,2026-03-04T05:08:40.058000+00:00,en-US,,IzzE1FQPNlBU0Sg1pMAW
America/Los_Angeles,2026-03-03T22:59:14.494000+00:00,before_unload,custom,rqRsF0b3Age70UcB5ynDW2WOOpr1,"/87165064af39bfd659302366bead67745b6fb47ee302bbdbe873738cb8abd7a2,1772665153,7/data/games/16/237/1054487/files/69a74a815a295/index.html",2026.03.0,2026-03-03T22:59:14.494000+00:00,,,,1d8cdf3a-c99e-4e48-8588-72a98e61eaa8,serve.gamejolt.net,False,2026-03-03T22:59:26.831000+00:00,834b3d23-7f62-46f6-8fb0-3d257225cecb,205.175.106.195,"Mozilla/5.0 (Windows NT 10.0; Win64; x64) AppleWebKit/537.36 (KHTML, like Gecko) Chrome/145.0.0.0 Safari/537.36",0.0,,active,0.0,2026-03-03T22:59:26.831000+00:00,,en-US,,JT93qIokOeSyCDCIzApH
America/Los_Angeles,2026-03-04T00:08:11.914000+00:00,session_start,custom,h7hfDhKtqAdDMdDlMPLfIMKmEFF2,"/275f6b344b21d873fc84d06b2bada6f17fbabfde439661d6531e99250bd8c46c,1772669290,7/data/games/16/237/1054487/files/69a74a815a295/index.html",2026.03.0,2026-03-04T00:08:11.914000+00:00,,,,9cab651d-2cba-4032-818b-b74d3cb52164,serve.gamejolt.net,False,2026-03-04T00:08:12.049000+00:00,3deb0762-2c72-4f4f-b2d9-8f91f4b9c4c4,205.175.106.57,"Mozilla/5.0 (Macintosh; Intel Mac OS X 10_15_7) AppleWebKit/537.36 (KHTML, like Gecko) Chrome/145.0.0.0 Safari/537.36",0.0,,active,0.0,2026-03-04T00:08:12.049000+00:00,,en-US,,Js4l18H3FIlNPXCNyaQg
America/Edmonton,2026-03-04T06:43:11.663000+00:00,before_unload,custom,uMZXnM54WNh4WNx34Z2F0gXwmzS2,"/b094eb976a97d796411a3f09499eddc92436e20982810acb55ce810fc874430f,1772692988,7/data/games/16/237/1054487/files/69a74a815a295/index.html",2026.03.0,2026-03-04T06:43:11.663000+00:00,,,,045c60b7-f0fe-4315-a398-878a1e27904f,serve.gamejolt.net,False,2026-03-04T06:51:43.948000+00:00,9105869e-58af-4d91-af6d-97a978f6d17b,96.53.132.174,Mozilla/5.0 (Windows NT 10.0; Win64; x64; rv:148.0) Gecko/20100101 Firefox/148.0,2.0,,active,512.27,2026-03-04T06:51:43.948000+00:00,2026-03-04T06:51:34.315000+00:00,en-US,,KL0aOlDTDSnud7q2T5WT
America/Los_Angeles,2026-03-03T23:01:00.126000+00:00,before_unload,custom,lvmJUlh9gIe6ES71VK612p0FfHt1,"/b025d7cb422c96e44947abf56dfe87fe08ff26e9ead30f9ec4170f4b580b0e3e,1772665258,7/data/games/16/237/1054487/files/69a74a815a295/index.html",2026.03.0,2026-03-03T23:01:00.126000+00:00,1032.19,,beforeunload,59a52c2d-0f9f-4b16-8a8a-f6432aa7c33f,serve.gamejolt.net,False,2026-03-03T23:18:10.965000+00:00,db270b62-178f-47c4-8cfa-3ac38d7e7e40,76.135.226.74,"Mozilla/5.0 (Windows NT 10.0; Win64; x64) AppleWebKit/537.36 (KHTML, like Gecko) Chrome/145.0.0.0 Safari/537.36",3.0,2026-03-03T23:18:11.002000+00:00,ended,822.71,2026-03-03T23:18:11.002000+00:00,2026-03-03T23:16:39.625000+00:00,en-US,,LRiRCuFDkRz5CmaG5dau
Europe/Paris,2026-03-04T10:36:24.839000+00:00,page_hide,custom,35lIrYo8oARoino0VWkvsUDGWut2,"/c64bd2ac3c786e478d72160f65f44443ea67cd5aad603f278c5d444c6f87e4ae,1772706981,7/data/games/16/237/1054487/files/69a74a815a295/index.html",2026.03.0,2026-03-04T10:36:24.839000+00:00,,,,5be6b66b-072d-433e-8b91-2f02a425021f,serve.gamejolt.net,False,2026-03-04T10:36:29.697000+00:00,4f52ba37-69cc-486d-969c-2c0e91b98d2e,90.11.174.71,"Mozilla/5.0 (Macintosh; Intel Mac OS X 10_15_7) AppleWebKit/605.1.15 (KHTML, like Gecko) Version/17.14 Safari/605.1.15",0.0,,active,0.0,2026-03-04T10:36:29.697000+00:00,,fr-FR,,LhujsITTDeHoxZD6Mt6O
America/Los_Angeles,2026-03-03T21:02:10.039000+00:00,before_unload,custom,h7hfDhKtqAdDMdDlMPLfIMKmEFF2,"/be253335207c438042e3507226c591edd885c58a37b1f6de8952c9439e67d9df,1772658111,7/data/games/16/237/1054487/files/69a74a815a295/index.html",2026.03.0,2026-03-03T21:02:10.039000+00:00,,inactivity_timeout,,1472e3b7-ba4d-496b-8e25-052a48874ed4,serve.gamejolt.net,True,2026-03-03T22:43:22.905000+00:00,3deb0762-2c72-4f4f-b2d9-8f91f4b9c4c4,205.175.106.57,"Mozilla/5.0 (Macintosh; Intel Mac OS X 10_15_7) AppleWebKit/537.36 (KHTML, like Gecko) Chrome/145.0.0.0 Safari/537.36",1.0,,active,190.92,2026-03-03T22:43:22.905000+00:00,2026-03-03T21:03:46.408000+00:00,en-US,,MHP4dHFfTfZZwVJ4j5Et
America/Los_Angeles,2026-03-04T18:34:24.379000+00:00,before_unload,custom,U8oKx4ooqoVrYTeNfyLRXXtXxZg2,"/212d22f6b96d38536cfc6dc1456d810507df45388aa54b5350f8d10dd099dc4b,1772735662,7/data/games/16/237/1054487/files/69a74a815a295/index.html",2026.03.0,2026-03-04T18:34:24.379000+00:00,466.53,,beforeunload,91cca753-37ba-406f-977f-b1b964aecba8,serve.gamejolt.net,False,2026-03-04T18:42:09.766000+00:00,173ce1d1-4772-4219-aad3-3d7fb45b0a8e,97.126.166.30,"Mozilla/5.0 (Windows NT 10.0; Win64; x64) AppleWebKit/537.36 (KHTML, like Gecko) Chrome/145.0.0.0 Safari/537.36",9.0,2026-03-04T18:42:09.821000+00:00,ended,256.55,2026-03-04T18:42:09.821000+00:00,2026-03-04T18:37:04.029000+00:00,en-US,,MNZbXJt4ixYHN4HYFgqE
America/Los_Angeles,2026-03-04T08:05:40.259000+00:00,before_unload,custom,rqRsF0b3Age70UcB5ynDW2WOOpr1,"/fc39ddf4bdda33dc1ebdef14065a2942242ca23f85a5a2a23c6797bbcac6d848,1772697938,7/data/games/16/237/1054487/files/69a74a815a295/index.html",2026.03.0,2026-03-04T08:05:40.259000+00:00,,inactivity_timeout,,aaafe7bc-82a1-4fd6-b2ea-3811197f438d,serve.gamejolt.net,True,2026-03-04T19:09:44.683000+00:00,834b3d23-7f62-46f6-8fb0-3d257225cecb,98.232.34.224,"Mozilla/5.0 (Windows NT 10.0; Win64; x64) AppleWebKit/537.36 (KHTML, like Gecko) Chrome/145.0.0.0 Safari/537.36",0.0,,active,305.15,2026-03-04T19:09:44.683000+00:00,,en-US,,NXTodLBWFipx3XQfdWYs
America/Los_Angeles,2026-03-03T20:57:42.433000+00:00,page_hide,custom,h7hfDhKtqAdDMdDlMPLfIMKmEFF2,"/34b76d0f78122907986d10b7831bc4ca4ce9f0daf6eca4be8c6a4904cd65731f,1772657860,7/data/games/16/237/1054487/files/69a74a815a295/index.html",2026.03.0,2026-03-03T20:57:42.433000+00:00,68.81,,beforeunload,209e15ce-45d7-4390-8e28-1f963108ff49,serve.gamejolt.net,False,2026-03-03T20:58:49.961000+00:00,46205f6d-00a0-4c6d-8654-e8c6e899bec3,205.175.106.57,"Mozilla/5.0 (Macintosh; Intel Mac OS X 10_15_7) AppleWebKit/537.36 (KHTML, like Gecko) Chrome/145.0.0.0 Safari/537.36",1.0,2026-03-03T20:58:49.679000+00:00,ended,68.81,2026-03-03T20:58:49.961000+00:00,2026-03-03T20:57:43.942000+00:00,en-US,,TsJY0F6p5beIsmt68cM7
America/Los_Angeles,2026-03-03T22:10:48.667000+00:00,before_unload,custom,laduhza9OwPwalkPKpxhRLGFgS53,"/cc87fb479a7a9f3cfedfb2a963d34258c30c58e8039d1d05200d953a50076018,1772662247,7/data/games/16/237/1054487/files/69a74a815a295/index.html",2026.03.0,2026-03-03T22:10:48.667000+00:00,,,,553235e5-e4e5-4fb9-8d02-181312438423,serve.gamejolt.net,False,2026-03-03T22:11:38.536000+00:00,1baa6b31-4819-4fe1-91a7-3bf8e145de7f,205.175.106.149,"Mozilla/5.0 (Windows NT 10.0; Win64; x64) AppleWebKit/537.36 (KHTML, like Gecko) Chrome/145.0.0.0 Safari/537.36",0.0,,active,31.0,2026-03-03T22:11:38.536000+00:00,,en-US,,TsSOqVIXY8PbFZJfsmye
Asia/Calcutta,2026-03-04T19:11:25.980000+00:00,quit_reason,custom,BZMUJPF7aeTkRn3Gs0powiYhOn63,"/97481e53ff601bcad2851aa6d29131a6ea0c64b4e3b91f951c2bea925d5253e9,1772737877,7/data/games/16/237/1054487/files/69a74a815a295/index.html",2026.03.0,2026-03-04T19:11:25.980000+00:00,1602.93,,beforeunload,4e88defb-714c-4edc-b472-1e3f631c3592,serve.gamejolt.net,False,2026-03-04T19:38:05.878000+00:00,8d7144a3-ed21-4813-a713-b3a87b6db744,152.58.16.47,"Mozilla/5.0 (Macintosh; Intel Mac OS X 10_15_7) AppleWebKit/537.36 (KHTML, like Gecko) Chrome/144.0.0.0 Safari/537.36",50.0,2026-03-04T19:38:05.926000+00:00,ended,1152.79,2026-03-04T19:38:05.926000+00:00,2026-03-04T19:37:51.583000+00:00,en-US,,VEuut30Cg8HA5xFS0iQE
America/Los_Angeles,2026-03-04T07:28:03.455000+00:00,quit_reason,custom,eqogggymrxWbhez2ocdnX0iaYZx1,"/5827986e4de23546223bac2c99733607ccdafb7994c4f322b023a5b5bde09dce,1772695681,7/data/games/16/237/1054487/files/69a74a815a295/index.html",2026.03.0,2026-03-04T07:28:03.455000+00:00,228.84,,beforeunload,4f0a45ca-3eef-4b30-879e-fca0ec87ee96,serve.gamejolt.net,False,2026-03-04T07:31:51.170000+00:00,6bb15770-3531-4cfe-b65c-b0c493889dae,97.126.39.127,"Mozilla/5.0 (Windows NT 10.0; Win64; x64) AppleWebKit/537.36 (KHTML, like Gecko) Chrome/145.0.0.0 Safari/537.36",27.0,2026-03-04T07:31:51.234000+00:00,ended,228.84,2026-03-04T07:31:51.234000+00:00,2026-03-04T07:31:48.627000+00:00,en-US,,WGHBGsHSKC5OyMfAN8GM
America/Los_Angeles,2026-03-03T20:42:59.221000+00:00,before_unload,custom,laduhza9OwPwalkPKpxhRLGFgS53,"/7012f81a486d58c5665eab14d32d9b78f48b34f5cb95833a6d54706c04414b1f,1772656977,7/data/games/16/237/1054487/files/69a7457cf250f/index.html",2026.03.0,2026-03-03T20:42:59.221000+00:00,,inactivity_timeout,,1dbebc04-8a25-4f19-a182-83c20341079b,serve.gamejolt.net,True,2026-03-03T20:55:01.135000+00:00,1baa6b31-4819-4fe1-91a7-3bf8e145de7f,205.175.106.149,"Mozilla/5.0 (Windows NT 10.0; Win64; x64) AppleWebKit/537.36 (KHTML, like Gecko) Chrome/145.0.0.0 Safari/537.36",0.0,,active,63.94,2026-03-03T20:55:01.135000+00:00,,en-US,,YvPPYWMu2gxqjz4EUDXV
America/New_York,2026-03-04T05:44:08.622000+00:00,quit_reason,custom,1xTOI5FGRjYZPhkUz3Z2ILTmAME3,"/dbd9c2f510b07f833d472a8d21b235df76561db7db6e2efb477add371c3b3676,1772689446,7/data/games/16/237/1054487/files/69a74a815a295/index.html",2026.03.0,2026-03-04T05:44:08.622000+00:00,551.92,,beforeunload,3115808f-f2c4-47c8-801d-d53bcb4779a8,serve.gamejolt.net,False,2026-03-04T05:53:18.947000+00:00,ba4c0a5f-4ef1-4b4b-96f3-f1b58e87f012,97.135.46.76,Mozilla/5.0 (Windows NT 10.0; Win64; x64; rv:148.0) Gecko/20100101 Firefox/148.0,4.0,2026-03-04T05:53:18.981000+00:00,ended,551.92,2026-03-04T05:53:18.981000+00:00,2026-03-04T05:53:02.349000+00:00,en-US,,ZDVsX4WDB2tcM9lzfPGj
America/Los_Angeles,2026-03-04T22:06:42.147000+00:00,quit_reason,custom,rqRsF0b3Age70UcB5ynDW2WOOpr1,"/ebec236347fcc18c5b5198ab4aa7d91da31369576c68a5974506c1794f4f0125,1772748400,7/data/games/16/237/1054487/files/69a74a815a295/index.html",2026.03.0,2026-03-04T22:06:42.147000+00:00,,inactivity_timeout,,a3280fa2-833a-4aea-8cd7-85f1527779f6,serve.gamejolt.net,True,2026-03-04T22:10:33.392000+00:00,834b3d23-7f62-46f6-8fb0-3d257225cecb,205.175.106.239,"Mozilla/5.0 (Windows NT 10.0; Win64; x64) AppleWebKit/537.36 (KHTML, like Gecko) Chrome/145.0.0.0 Safari/537.36",0.0,,active,112.33,2026-03-04T22:20:14.390000+00:00,,en-US,,aL19j1zNT1EUiefMfPA2
America/Vancouver,2026-03-04T04:52:51.570000+00:00,quit_reason,custom,aV7KgpV2ufZvxVNigHK1ur0USrl2,"/88dc5639a9d78f6dd24ef9c40f7c5c7a670470e3577fe061c06bd830d2d01178,1772686368,7/data/games/16/237/1054487/files/69a74a815a295/index.html",2026.03.0,2026-03-04T04:52:51.570000+00:00,36.7,,beforeunload,6eda6216-a68a-463a-a050-324ce93a3871,serve.gamejolt.net,False,2026-03-04T04:53:26.396000+00:00,46fb6fad-619a-49d8-8606-b7a3384e2d01,209.121.229.148,"Mozilla/5.0 (Macintosh; Intel Mac OS X 10_15_7) AppleWebKit/537.36 (KHTML, like Gecko) Chrome/145.0.0.0 Safari/537.36",1.0,2026-03-04T04:53:26.461000+00:00,ended,36.7,2026-03-04T04:53:26.461000+00:00,2026-03-04T04:53:20.477000+00:00,en-US,,afdVCdNLMX29gvfODjsP
Asia/Calcutta,2026-03-04T19:20:02.400000+00:00,quit_reason,custom,G1upS7YLx5QksewKgGRgfUNHnjQ2,"/e7111026f33ba96199f92be765a0fe22d0514d66a2d75c8641854f3e8d356b17,1772738396,7/data/games/16/237/1054487/files/69a74a815a295/index.html",2026.03.0,2026-03-04T19:20:02.400000+00:00,,inactivity_timeout,,a3c8d5d1-27de-410a-9d18-bfb7f47692f1,serve.gamejolt.net,True,2026-03-04T19:39:49.950000+00:00,11f69d93-6099-455f-abfd-a99ca742b59f,103.197.74.62,"Mozilla/5.0 (Macintosh; Intel Mac OS X 10_15_7) AppleWebKit/537.36 (KHTML, like Gecko) Chrome/145.0.0.0 Safari/537.36",28.0,,active,1070.21,2026-03-04T20:49:39.546000+00:00,2026-03-04T19:36:31.670000+00:00,en-US,,ayPSmV7byrBI6dTCTjRC
America/Los_Angeles,2026-03-03T20:49:08.259000+00:00,before_unload,custom,laduhza9OwPwalkPKpxhRLGFgS53,"/85b3d6640a7a8f2ee0447542fda3f5cf7f0d09b51625b1adafec09628b6ee40b,1772657347,7/data/games/16/237/1054487/files/69a74919a2fdb/index.html",2026.03.0,2026-03-03T20:49:08.259000+00:00,,inactivity_timeout,,a057bad6-37ee-453e-b3f7-71c64b83f683,serve.gamejolt.net,True,2026-03-03T20:55:00.290000+00:00,1baa6b31-4819-4fe1-91a7-3bf8e145de7f,205.175.106.149,"Mozilla/5.0 (Windows NT 10.0; Win64; x64) AppleWebKit/537.36 (KHTML, like Gecko) Chrome/145.0.0.0 Safari/537.36",0.0,,active,164.94,2026-03-03T20:55:00.290000+00:00,,en-US,,ddp4rZgxm5CC3bVx5L0F
America/Vancouver,2026-03-04T07:56:04.234000+00:00,window_blur,custom,pfxrYG6g5JbnMD4AYhsqTxh1oad2,"/e460dbdf2dc32259d1ab03d52f3497a0b33f8686fa637e7aac0ae05f82dcb42e,1772697361,7/data/games/16/237/1054487/files/69a74a815a295/index.html",2026.03.0,2026-03-04T07:56:04.234000+00:00,,inactivity_timeout,,960e34e6-78f2-4dda-8bdf-9082e9e33171,serve.gamejolt.net,True,2026-03-04T19:55:54.838000+00:00,9063bee5-dc83-472a-9fcd-af464d8e558e,98.232.34.224,Mozilla/5.0 (Macintosh; Intel Mac OS X 10.15; rv:148.0) Gecko/20100101 Firefox/148.0,21.0,,active,1464.35,2026-03-04T20:04:04.479000+00:00,2026-03-04T08:19:42.888000+00:00,en-US,,dhvywbKEaXgZVrSOUHOF
America/Los_Angeles,2026-03-03T20:37:16.675000+00:00,window_blur,custom,oHebuZq0NeM5QZ92UrSHx0UekyJ3,"/864be39a43522ec7fc57b6bd76ea9931fd8f3b4b6f1facd82d93951d189f5fd3,1772656635,7/data/games/16/237/1054487/files/69a7457cf250f/index.html",2026.03.0,2026-03-03T20:37:16.675000+00:00,,,,id-1772570235792-05cdab33455ca,serve.gamejolt.net,False,2026-03-03T20:37:35.529000+00:00,id-1772570177848-66309bf8e036d,205.175.106.149,"GJClient 1.39.4 (+http://gamejolt.com) - Mozilla/5.0 (Windows NT 10.0; Win64; x64) AppleWebKit/537.36 (KHTML, like Gecko) Chrome/47.0.2526.106 Safari/537.36",0.0,,active,0.0,2026-03-03T20:37:35.529000+00:00,,en-US,,eVWMk80WOaXtZuGZNHwD
America/Los_Angeles,2026-03-04T19:06:05.600000+00:00,quit_reason,custom,laduhza9OwPwalkPKpxhRLGFgS53,"/f3ca760aae1d2c879cf4ef97b953721fcb02f4e904d6b1c14f6953970f0e0fb0,1772737564,7/data/games/16/237/1054487/files/69a74a815a295/index.html",2026.03.0,2026-03-04T19:06:05.600000+00:00,,inactivity_timeout,,d60de1f9-7aff-4aa0-bc8f-755b11dabe8c,serve.gamejolt.net,True,2026-03-04T22:32:20.926000+00:00,1baa6b31-4819-4fe1-91a7-3bf8e145de7f,174.21.21.3,"Mozilla/5.0 (Windows NT 10.0; Win64; x64) AppleWebKit/537.36 (KHTML, like Gecko) Chrome/145.0.0.0 Safari/537.36",101.0,,active,5330.81,2026-03-04T22:34:05.919000+00:00,2026-03-04T19:41:49.633000+00:00,en-US,,egVLz0oKOeiJAkjQwQx8
America/New_York,2026-03-04T00:45:47.195000+00:00,quit_reason,custom,j9XM66bhHKPfwjMY5bwszcFcbnl1,"/9301e52f28ba299d4113d1d3880ba7effdfcd16908ba826f8e81cd3b4bccde04,1772671545,7/data/games/16/237/1054487/files/69a74a815a295/index.html",2026.03.0,2026-03-04T00:45:47.195000+00:00,51.58,,beforeunload,e1473e06-da0d-4943-b964-b4e5e1a0b254,serve.gamejolt.net,False,2026-03-04T00:46:37.508000+00:00,e650bd39-6d90-414e-b03d-8b9f64f6e51c,73.128.159.202,"Mozilla/5.0 (Windows NT 10.0; Win64; x64) AppleWebKit/537.36 (KHTML, like Gecko) Chrome/145.0.0.0 Safari/537.36",1.0,2026-03-04T00:46:37.550000+00:00,ended,51.58,2026-03-04T00:46:37.550000+00:00,2026-03-04T00:45:50.365000+00:00,en-US,,f7D2Uft2it53ZHW7MJNI
America/Los_Angeles,2026-03-04T07:00:03.169000+00:00,quit_reason,custom,eqogggymrxWbhez2ocdnX0iaYZx1,"/e29298464cb88a1f1cfd8fadb7d7d77d70ed10b3cda99938a124ecc021280936,1772693999,7/data/games/16/237/1054487/files/69a74a815a295/index.html",2026.03.0,2026-03-04T07:00:03.169000+00:00,440.98,,beforeunload,24b4c435-ec63-46d2-80b5-4e48dd3706ef,serve.gamejolt.net,False,2026-03-04T07:07:21.254000+00:00,6bb15770-3531-4cfe-b65c-b0c493889dae,97.126.39.127,"Mozilla/5.0 (Windows NT 10.0; Win64; x64) AppleWebKit/537.36 (KHTML, like Gecko) Chrome/145.0.0.0 Safari/537.36",9.0,2026-03-04T07:07:21.314000+00:00,ended,440.98,2026-03-04T07:07:21.314000+00:00,2026-03-04T07:07:18.601000+00:00,en-US,,irzBI7trXvFstcSCmI1f
America/Los_Angeles,2026-03-03T21:01:52.039000+00:00,before_unload,custom,h7hfDhKtqAdDMdDlMPLfIMKmEFF2,"/be253335207c438042e3507226c591edd885c58a37b1f6de8952c9439e67d9df,1772658111,7/data/games/16/237/1054487/files/69a74a815a295/index.html",2026.03.0,2026-03-03T21:01:52.039000+00:00,17.85,,beforeunload,ac480c64-a8e2-4d38-8992-0d7540c60236,serve.gamejolt.net,False,2026-03-03T21:02:09.318000+00:00,46205f6d-00a0-4c6d-8654-e8c6e899bec3,205.175.106.57,"Mozilla/5.0 (Macintosh; Intel Mac OS X 10_15_7) AppleWebKit/537.36 (KHTML, like Gecko) Chrome/145.0.0.0 Safari/537.36",0.0,2026-03-03T21:02:09.362000+00:00,ended,17.85,2026-03-03T21:02:09.362000+00:00,,en-US,,ksalfiyWmllkCGI8lwz5
America/Los_Angeles,2026-03-04T08:33:08.142000+00:00,before_unload,custom,eqogggymrxWbhez2ocdnX0iaYZx1,"/52204d5c849808059b7ba206fc36fa5e3e61fdf8de61d8f3236ae1f06aff834b,1772699586,7/data/games/16/237/1054487/files/69a74a815a295/index.html",2026.03.0,2026-03-04T08:33:08.142000+00:00,,,,8fa2df7f-dd32-4366-aed4-3b75bb35192e,serve.gamejolt.net,False,2026-03-04T08:34:06.103000+00:00,6bb15770-3531-4cfe-b65c-b0c493889dae,97.126.39.127,"Mozilla/5.0 (Windows NT 10.0; Win64; x64) AppleWebKit/537.36 (KHTML, like Gecko) Chrome/145.0.0.0 Safari/537.36",67.0,,active,31.61,2026-03-04T08:34:06.103000+00:00,2026-03-04T08:34:03.630000+00:00,en-US,,l8IMlwkBZcZbTbzuZ9Nq
America/Los_Angeles,2026-03-04T08:11:03.687000+00:00,before_unload,custom,eqogggymrxWbhez2ocdnX0iaYZx1,"/18ba53d79aba5d2d2e1a9bed9089544ac80086a1f6df13de0f3e4c2c1e40455f,1772698262,7/data/games/16/237/1054487/files/69a74a815a295/index.html",2026.03.0,2026-03-04T08:11:03.687000+00:00,,,,13ed0d7a-7ca5-49c6-b00d-1400d7bb8bd7,serve.gamejolt.net,False,2026-03-04T08:11:50.603000+00:00,6bb15770-3531-4cfe-b65c-b0c493889dae,97.126.39.127,"Mozilla/5.0 (Windows NT 10.0; Win64; x64) AppleWebKit/537.36 (KHTML, like Gecko) Chrome/145.0.0.0 Safari/537.36",0.0,,active,31.06,2026-03-04T08:11:50.603000+00:00,,en-US,,lzDQdWZ1ETkUmYFnRCRg
America/Los_Angeles,2026-03-04T06:29:44.618000+00:00,before_unload,custom,bIuPdBQi1ngKOJ6pz7xINLAnXzr2,"/5f638f9c5c8263badc82a53b0519a33ebd21f09cc2becf633051efccd1f50c70,1772692180,7/data/games/16/237/1054487/files/69a74a815a295/index.html",2026.03.0,2026-03-04T06:29:44.618000+00:00,831.99,,beforeunload,5df7a809-642b-436b-b93f-46161f90fce6,serve.gamejolt.net,False,2026-03-04T06:43:33.301000+00:00,4d159bde-fd10-4e61-b657-1a2d922fcbe7,67.185.11.111,"Mozilla/5.0 (Windows NT 10.0; Win64; x64) AppleWebKit/537.36 (KHTML, like Gecko) Chrome/145.0.0.0 Safari/537.36",23.0,2026-03-04T06:43:33.339000+00:00,ended,831.99,2026-03-04T06:43:33.339000+00:00,2026-03-04T06:42:35.695000+00:00,en-US,,m2w8vZqIBej2LR3rsGAb
America/New_York,2026-03-03T23:32:59.021000+00:00,level_end,custom,hwf2qIMIgofG5c1v9HLYdlcGXDq2,"/b39d3e6d01ab30709f766e5b4dd77ac033eb0991e3ce9ac8308ed55f2b29124a,1772667175,7/data/games/16/237/1054487/files/69a74a815a295/index.html",2026.03.0,2026-03-03T23:32:59.021000+00:00,,,,f71e901d-3598-43e8-8db4-d086643fc422,serve.gamejolt.net,False,2026-03-03T23:33:17.313000+00:00,6d182d6b-b758-4477-8b46-cee111aa6f26,97.230.155.178,"Mozilla/5.0 (Windows NT 10.0; Win64; x64) AppleWebKit/537.36 (KHTML, like Gecko) Chrome/145.0.0.0 Safari/537.36",1.0,,active,0.0,2026-03-03T23:33:17.346000+00:00,2026-03-03T23:33:01.244000+00:00,en-US,,oCuFpvfVU15720BKzDdT
America/Los_Angeles,2026-03-04T06:43:40.421000+00:00,before_unload,custom,rqRsF0b3Age70UcB5ynDW2WOOpr1,"/0e64460fc472b99db14d19a1f561a363e834dc8e2f56e1ef0052129d77473593,1772693018,7/data/games/16/237/1054487/files/69a74a815a295/index.html",2026.03.0,2026-03-04T06:43:40.421000+00:00,,,,ed734381-9c9f-4db4-baed-c077d607d4e8,serve.gamejolt.net,False,2026-03-04T06:44:07.795000+00:00,834b3d23-7f62-46f6-8fb0-3d257225cecb,98.232.34.224,"Mozilla/5.0 (Windows NT 10.0; Win64; x64) AppleWebKit/537.36 (KHTML, like Gecko) Chrome/145.0.0.0 Safari/537.36",0.0,,active,0.0,2026-03-04T06:44:07.795000+00:00,,en-US,,ownBblCe37G9T3CC7WgB
America/Los_Angeles,2026-03-03T22:27:41.944000+00:00,before_unload,custom,h7hfDhKtqAdDMdDlMPLfIMKmEFF2,"/bf7062115a8169042565758dac4910026f5b2c07d62b87cbcb981adcc3c44328,1772663261,7/data/games/16/237/1054487/files/69a74a815a295/index.html",2026.03.0,2026-03-03T22:27:41.944000+00:00,,inactivity_timeout,,33863c89-b989-46be-9a87-9a3eed2fd170,serve.gamejolt.net,True,2026-03-04T10:16:06.471000+00:00,3deb0762-2c72-4f4f-b2d9-8f91f4b9c4c4,205.175.106.57,"Mozilla/5.0 (Macintosh; Intel Mac OS X 10_15_7) AppleWebKit/537.36 (KHTML, like Gecko) Chrome/145.0.0.0 Safari/537.36",0.0,,active,442.61,2026-03-04T10:16:06.471000+00:00,,en-US,,rAm4DTSApdAvjCtsTULj
America/Los_Angeles,2026-03-03T22:27:30.984000+00:00,quit_reason,custom,h7hfDhKtqAdDMdDlMPLfIMKmEFF2,"/4f6c7179971bc3eb0db1ba93e74dccb1722f5f01d9d0c51fd4e1b1b411ca272a,1772663249,7/data/games/16/237/1054487/files/69a74a815a295/index.html",2026.03.0,2026-03-03T22:27:30.984000+00:00,10.75,,beforeunload,2715871f-d087-416c-8065-3fb09fe44fbe,serve.gamejolt.net,False,2026-03-03T22:27:41.083000+00:00,3deb0762-2c72-4f4f-b2d9-8f91f4b9c4c4,205.175.106.57,"Mozilla/5.0 (Macintosh; Intel Mac OS X 10_15_7) AppleWebKit/537.36 (KHTML, like Gecko) Chrome/145.0.0.0 Safari/537.36",0.0,2026-03-03T22:27:41.159000+00:00,ended,10.75,2026-03-03T22:27:41.159000+00:00,2026-03-03T22:27:36.963000+00:00,en-US,,tWSvAojE5MdPIcjEjxn8
America/Los_Angeles,2026-03-03T20:48:49.672000+00:00,before_unload,custom,laduhza9OwPwalkPKpxhRLGFgS53,"/d590716645223b8a986bcae32261a7f6a07f9abb818cd48d32e2d1272f6dc9b1,1772657327,7/data/games/16/237/1054487/files/69a74919a2fdb/index.html",2026.03.0,2026-03-03T20:48:49.672000+00:00,18.14,,beforeunload,b34dfb87-dd6f-4bec-9a0a-64eb0633e5ef,serve.gamejolt.net,False,2026-03-03T20:49:07.169000+00:00,1baa6b31-4819-4fe1-91a7-3bf8e145de7f,205.175.106.149,"Mozilla/5.0 (Windows NT 10.0; Win64; x64) AppleWebKit/537.36 (KHTML, like Gecko) Chrome/145.0.0.0 Safari/537.36",0.0,2026-03-03T20:49:07.236000+00:00,ended,18.14,2026-03-03T20:49:07.236000+00:00,,en-US,,tfg01eaauCq65RaqIYjQ
America/Los_Angeles,2026-03-04T06:28:49.535000+00:00,before_unload,custom,h7hfDhKtqAdDMdDlMPLfIMKmEFF2,"/326f86ec5731765ff00c3a39c618eeecc532721c3025a9007a89934c6f5d27f9,1772692128,7/data/games/16/237/1054487/files/69a74a815a295/index.html",2026.03.0,2026-03-04T06:28:49.535000+00:00,,,,e623697f-8d11-4af5-86ee-15574232c6c4,serve.gamejolt.net,False,2026-03-04T06:28:51.114000+00:00,3deb0762-2c72-4f4f-b2d9-8f91f4b9c4c4,97.126.39.127,"Mozilla/5.0 (Macintosh; Intel Mac OS X 10_15_7) AppleWebKit/537.36 (KHTML, like Gecko) Chrome/145.0.0.0 Safari/537.36",0.0,,active,0.0,2026-03-04T06:28:51.114000+00:00,,en-US,,uE8p90wtFN3cANtdg0cA
America/Los_Angeles,2026-03-04T07:20:00.048000+00:00,page_hide,custom,eqogggymrxWbhez2ocdnX0iaYZx1,"/07d5dd68ee053c65887c2d054148cb3089f2e673006f4be540e325f474651334,1772695197,7/data/games/16/237/1054487/files/69a74a815a295/index.html",2026.03.0,2026-03-04T07:20:00.048000+00:00,483.03,,beforeunload,147eb3f2-3720-45ad-af42-847ce7169284,serve.gamejolt.net,False,2026-03-04T07:28:01.488000+00:00,6bb15770-3531-4cfe-b65c-b0c493889dae,97.126.39.127,"Mozilla/5.0 (Windows NT 10.0; Win64; x64) AppleWebKit/537.36 (KHTML, like Gecko) Chrome/145.0.0.0 Safari/537.36",27.0,2026-03-04T07:28:01.148000+00:00,ended,483.03,2026-03-04T07:28:01.488000+00:00,2026-03-04T07:27:59.334000+00:00,en-US,,xy6ehCk92Owlrz6h1LI7
America/Los_Angeles,2026-03-04T06:42:18.294000+00:00,quit_reason,custom,laduhza9OwPwalkPKpxhRLGFgS53,"/7b24ab3fdf41a2b60224f048b8e7e784506436d31123fd4bb4330ded02e1222a,1772692937,7/data/games/16/237/1054487/files/69a74a815a295/index.html",2026.03.0,2026-03-04T06:42:18.294000+00:00,,inactivity_timeout,,431edcba-a7ef-4245-a1ef-a844bd5cf487,serve.gamejolt.net,True,2026-03-04T06:46:41.828000+00:00,1baa6b31-4819-4fe1-91a7-3bf8e145de7f,174.21.21.3,"Mozilla/5.0 (Windows NT 10.0; Win64; x64) AppleWebKit/537.36 (KHTML, like Gecko) Chrome/145.0.0.0 Safari/537.36",0.0,,active,144.45,2026-03-04T22:33:44.956000+00:00,,en-US,,yMnFfBGXEarCuULLwPcf
America/Los_Angeles,2026-03-03T22:23:25.078000+00:00,before_unload,custom,laduhza9OwPwalkPKpxhRLGFgS53,"/9fc1ad2a120a41a00192efebb7c52a60c8d8b5eb5b4e9066c0094142ebb09461,1772663004,7/data/games/16/237/1054487/files/69a74a815a295/index.html",2026.03.0,2026-03-03T22:23:25.078000+00:00,,,,0057822a-bf80-40f2-937b-a51e83049f81,serve.gamejolt.net,False,2026-03-03T22:24:09.306000+00:00,1baa6b31-4819-4fe1-91a7-3bf8e145de7f,205.175.106.149,"Mozilla/5.0 (Windows NT 10.0; Win64; x64) AppleWebKit/537.36 (KHTML, like Gecko) Chrome/145.0.0.0 Safari/537.36",0.0,,active,30.73,2026-03-03T22:24:09.306000+00:00,,en-US,,ySCY7A9GHQhYaiauCXzQ
America/New_York,2026-03-03T23:22:25.098000+00:00,quit_reason,custom,DtwlY0SYOjUzoW5dem7KGSLpITu1,"/13cd6a61e3e2cf314a515b201ae9052fe72b82858ca8a0ea9d65fd4f2fd6834d,1772666542,7/data/games/16/237/1054487/files/69a74a815a295/index.html",2026.03.0,2026-03-03T23:22:25.098000+00:00,52.23,,beforeunload,f79dffe3-deb4-473f-9430-a7b0cf8820b9,serve.gamejolt.net,False,2026-03-03T23:23:15.816000+00:00,4282b745-8061-42c3-b298-1648bbdddb98,68.204.80.81,"Mozilla/5.0 (Windows NT 10.0; Win64; x64) AppleWebKit/537.36 (KHTML, like Gecko) Chrome/145.0.0.0 Safari/537.36",0.0,2026-03-03T23:23:15.882000+00:00,ended,52.23,2026-03-03T23:23:15.882000+00:00,2026-03-03T23:22:56.111000+00:00,en-US,,zcAY86Aj7RjOCVDFJByE
America/Chicago,2026-03-04T00:39:08.261000+00:00,quit_reason,custom,SXeUdMcZdKWwsGUaGSTHnRoo5qG2,"/3e9997d5ee32c7afd96be5280c2803d8f3d906d577caaae939755e69cdaa374d,1772671145,7/data/games/16/237/1054487/files/69a74a815a295/index.html",2026.03.0,2026-03-04T00:39:08.261000+00:00,135.09,,beforeunload,a471561c-d810-47c7-92e0-d2afe20e17a1,serve.gamejolt.net,False,2026-03-04T00:41:21.915000+00:00,8333f2c0-3b3e-4c22-a667-00377e0ae75e,,"Mozilla/5.0 (Windows NT 10.0; Win64; x64) AppleWebKit/537.36 (KHTML, like Gecko) Chrome/145.0.0.0 Safari/537.36 Edg/145.0.0.0",4.0,2026-03-04T00:41:21.976000+00:00,ended,135.09,2026-03-04T00:41:21.976000+00:00,2026-03-04T00:40:58.824000+00:00,en-US,,zuH3wpo4hHwEWwe0noFT
