total_cards,client_timestamp_ms,event_type,release_channel,user_id,stars,active_modifiers,passed,time_seconds,game_version,rounds_count,client_iso,session_id,level_number,end_reason,event_timestamp,player_id,mode,stage_name,cards_failed_count,id,session_doc_id,round_number,time_spent_seconds,attempt_number,hidden_duration_ms,reason,active_playtime_seconds,source,session_duration_seconds,inactivity_ms,referrer,ip_collected,game_build,current_stage_failed,stats_modal_open,autoplay_mode,reference_modal_open,target,stage_leaderboard_open,adaptive_group_decided,ui_view,achievements_modal_open,flash_countdown_active,quit_bucket,stage_preview_open,preview_source,settings_modal_open,ui_state,stats_leaderboard_modal_open,stage_type,current_stage_completed,adaptive_group,current_level_number,area,action,stage_status,stage_index,preview_start_source,leaderboard_metric,fullscreen_total_seconds,settings_tab,close_source,auto_start_stage_preview_enabled,keybind_practice_home,keybind_retry,theme_id,keybind_stage_next,leaderboards_enabled,flash_warning_enabled,keybind_stage_quit,enter_to_next_enabled,keybind_practice_settings,fullscreen_enabled,keybind_fullscreen,flash_countdown_enabled,color_vision_mode,auto_advance_next_enabled,success_animation_enabled,layout_mode,trigger_source,sandbox_unlock_confirm_enabled,reported_session_seconds,inactive_ms_before_end,session_elapsed_seconds,total_playtime_seconds,last_level_completed,shuffled_theme,setting_value,setting_category,setting_name,previous_value,cancel_source,achievement_unlocked,achievement_id,enabled,site_host,session_key,player_id_norm,event_type_norm,event_time_ms
,1772961330308,settings_snapshot,custom,D9ascTtNyPO30bu2ZdPnwBCPoK43,,,,,2026.04.0,,2026-03-08T09:15:30.308Z,0717cafa-5253-4d48-b3d9-1d49c4102137,,,2026-03-08T09:15:30.469000+00:00,ea76136b-fccd-4151-a1b4-b3aa54f70c28,,,,rpelo2yB7HscXdaSVNTq,MbtbvJZ3EbnmBlwV5xcz,,,,,,,initial_load,,,,,,False,False,,False,,False,False,splash,False,False,before_first_level_countdown,False,,False,idle,False,,False,undecided,1.0,,,,,,,,,,True,h,r,studio-light,enter,True,True,q,False,s,False,f,True,standard,True,True,classic,,,,,,,,,,,,,,,,,serve.gamejolt.net,0717cafa-5253-4d48-b3d9-1d49c4102137,ea76136b-fccd-4151-a1b4-b3aa54f70c28,settings_snapshot,1772961330308
,1772962746470,settings_snapshot,custom,LbT6glSIDcfxOJkS9hFSGE59fEv2,,,,,2026.04.0,,2026-03-08T09:39:06.470Z,c550b431-c9ab-41a6-b023-141deaeed654,,,2026-03-08T09:39:07.029000+00:00,ea4a3ff5-b892-4fa6-b7d6-e62279cd242d,,,,vkME0a8bgE7Qk0UFMdCm,YNH4YOBXvq3o2HraEe0R,,,,,,,initial_load,,,,,,False,False,,False,,False,False,splash,False,False,before_first_level_countdown,False,,False,idle,False,,False,undecided,1.0,,,,,,,,,,True,h,r,studio-light,enter,True,True,q,False,s,False,f,True,standard,True,True,classic,,,,,,,,,,,,,,,,,uploads.ungrounded.net,c550b431-c9ab-41a6-b023-141deaeed654,ea4a3ff5-b892-4fa6-b7d6-e62279cd242d,settings_snapshot,1772962746470
,1772962873076,settings_snapshot,custom,1F9bXcIBahSUmvIdD1Vee9sutIm2,,,,,2026.04.0,,2026-03-08T09:41:13.076Z,6f1cb110-f159-4e7f-a3fd-6286ca909b9a,,,2026-03-08T09:41:13.147000+00:00,93b9a76c-166b-4d8d-95d8-77b69861cf45,,,,ifYtOPCwZTlH0Yr3okRB,P2zAy4YKgxQwhfpP4cE7,,,,,,,initial_load,,,,,,False,False,,False,,False,False,splash,False,False,before_first_level_countdown,False,,False,idle,False,,False,undecided,1.0,,,,,,,,,,True,h,r,studio-light,enter,True,True,q,False,s,False,f,True,standard,True,True,classic,,,,,,,,,,,,,,,,,uploads.ungrounded.net,6f1cb110-f159-4e7f-a3fd-6286ca909b9a,93b9a76c-166b-4d8d-95d8-77b69861cf45,settings_snapshot,1772962873076
,1772963006224,settings_snapshot,custom,3DDSRlKRiAZLI0A06IWYOUkAdbg2,,,,,2026.04.0,,2026-03-08T09:43:26.224Z,9cebf920-42df-4492-b3cc-6349b4fdf2ca,,,2026-03-08T09:43:26.299000+00:00,1780c605-adb4-43a5-bd20-09e38f9e8d00,,,,CAehZJ31TxS5ASXifGs9,rtd89FfxZB4as1dAElEJ,,,,,,,initial_load,,,,,,False,False,,False,,False,True,splash,False,False,before_first_level_countdown,False,,False,idle,False,,False,B,1.0,,,,,,,,,,True,h,r,studio-light,enter,True,True,q,False,s,False,f,True,standard,True,True,classic,,,,,,,,,,,,,,,,,uploads.ungrounded.net,9cebf920-42df-4492-b3cc-6349b4fdf2ca,1780c605-adb4-43a5-bd20-09e38f9e8d00,settings_snapshot,1772963006224
,1772963180790,settings_snapshot,custom,VJ2fcMQ7L3hPIHq9CGV6p1SOsNv1,,,,,2026.04.0,,2026-03-08T09:46:20.790Z,4f232586-8792-4d97-8a3c-0a12727f3018,,,2026-03-08T09:46:18.943000+00:00,32e59951-66e0-4fe1-a8ce-b052573c40a6,,,,0arz21KrP3ZkrvFvapTW,yirSwygdBMt0GwnLjyJK,,,,,,,initial_load,,,,,,False,False,,False,,False,False,splash,False,False,before_first_level_countdown,False,,False,idle,False,,False,undecided,1.0,,,,,,,,,,True,h,r,studio-light,enter,True,True,q,False,s,False,f,True,standard,True,True,classic,,,,,,,,,,,,,,,,,uploads.ungrounded.net,4f232586-8792-4d97-8a3c-0a12727f3018,32e59951-66e0-4fe1-a8ce-b052573c40a6,settings_snapshot,1772963180790
,1772963820252,settings_snapshot,custom,hSR15aX5DzL9ZannSvPNN1AgaVD3,,,,,2026.04.0,,2026-03-08T09:57:00.252Z,b8b20a33-2b58-4ad8-9b20-c24a2b5bb98e,,,2026-03-08T09:57:01.693000+00:00,38ba9e91-153e-45fd-b335-956d21d5ffa5,,,,kYBuDCus02r4B5cd4UTE,fOd52KJVrek8Apdp8gm4,,,,,,,appearance_change,,,,,,False,False,,False,,False,True,home,False,False,settings,False,,True,idle,False,,False,B,1.0,,,,,,,,,,True,h,r,prism-parade,enter,True,False,q,True,s,True,f,True,standard,True,True,classic,,,,,,,,True,,,,,,,,,uploads.ungrounded.net,b8b20a33-2b58-4ad8-9b20-c24a2b5bb98e,38ba9e91-153e-45fd-b335-956d21d5ffa5,settings_snapshot,1772963820252
,1772964330345,settings_snapshot,custom,hhcqlUAvEfZseb5Z9wjhfyVXYF22,,,,,2026.04.0,,2026-03-08T10:05:30.345Z,72c32c62-a3a1-4da5-9944-3e65379e230f,,,2026-03-08T10:05:30.036000+00:00,4bffc7ff-89f3-49e8-8a1a-810b256655ad,,,,OU6m21Qczyw7IyuGFOgN,qxgIjpvHm7AML9LvEWkB,,,,,,,initial_load,,,,,,False,False,,False,,False,False,splash,False,False,before_first_level_countdown,False,,False,idle,False,,False,undecided,1.0,,,,,,,,,,True,h,r,studio-light,enter,True,True,q,False,s,False,f,True,standard,True,True,classic,,,,,,,,,,,,,,,,,uploads.ungrounded.net,72c32c62-a3a1-4da5-9944-3e65379e230f,4bffc7ff-89f3-49e8-8a1a-810b256655ad,settings_snapshot,1772964330345
,1772964542004,settings_snapshot,custom,ZZ5PWxnp8MZusq2rROtwP4wusJO2,,,,,2026.04.0,,2026-03-08T10:09:02.004Z,8cefd301-1bdf-4931-a39e-2bc932e7bda6,,,2026-03-08T10:08:59.315000+00:00,22594ae3-35a3-4692-9328-27d50982031b,,,,8Fd6ZsIIqu5RbJK69jOq,4tU6HBkK0hnOiNNZT2jK,,,,,,,initial_load,,,,,,False,False,,False,,False,False,splash,False,False,before_first_level_countdown,False,,False,idle,False,,False,undecided,1.0,,,,,,,,,,True,h,r,studio-light,enter,True,True,q,False,s,False,f,True,standard,True,True,classic,,,,,,,,,,,,,,,,,uploads.ungrounded.net,8cefd301-1bdf-4931-a39e-2bc932e7bda6,22594ae3-35a3-4692-9328-27d50982031b,settings_snapshot,1772964542004
,1772965148687,settings_snapshot,custom,kPIyrkO0olNXGEWJYi6qUGfTIKE3,,,,,2026.04.0,,2026-03-08T10:19:08.687Z,3b72a56d-711c-4a4c-8c65-d2586a46917b,,,2026-03-08T10:19:27.090000+00:00,b71b4507-c5a5-4848-8bd2-07ab06dffd6c,,,,VNHmTOqvqc4c1XxKZj6X,HxDp4QJGtWxchaD0Sq6Q,,,,,,,initial_load,,,,,,False,False,,False,,False,False,splash,False,False,before_first_level_countdown,False,,False,idle,False,,False,undecided,1.0,,,,,,,,,,True,h,r,studio-light,enter,True,True,q,False,s,False,f,True,standard,True,True,classic,,,,,,,,,,,,,,,,,uploads.ungrounded.net,3b72a56d-711c-4a4c-8c65-d2586a46917b,b71b4507-c5a5-4848-8bd2-07ab06dffd6c,settings_snapshot,1772965148687
,1772965283837,settings_snapshot,custom,pFfw2xDoBNRaUluGxCL289Dqfyb2,,,,,2026.04.0,,2026-03-08T10:21:23.837Z,cc81ac4a-9745-45de-9e83-625aff9b1cf9,,,2026-03-08T10:21:23.920000+00:00,76fed8b0-f24a-436a-8162-e0feff0decb9,,,,zTVQWEE31DVJWiUqnEAF,khS1SpgOck1B2e5XVh69,,,,,,,initial_load,,,,,,False,False,,False,,False,False,splash,False,False,before_first_level_countdown,False,,False,idle,False,,False,undecided,1.0,,,,,,,,,,True,h,r,studio-light,enter,True,True,q,False,s,False,f,True,standard,True,True,classic,,,,,,,,,,,,,,,,,uploads.ungrounded.net,cc81ac4a-9745-45de-9e83-625aff9b1cf9,76fed8b0-f24a-436a-8162-e0feff0decb9,settings_snapshot,1772965283837
,1772966937878,settings_snapshot,custom,H1eQy02kWvXzcsZsOjyyMWep1Vu2,,,,,2026.04.0,,2026-03-08T10:48:57.878Z,5f48bcc5-1cd6-4396-97b8-d1d337fb76fa,,,2026-03-08T10:48:58.267000+00:00,e0fc445c-421f-436d-9c30-101e55886380,,,,0Vq98IPcu8EJ605xSDtz,Pb5p5EHxLvWOhlpd48QL,,,,,,,initial_load,,,,,,False,False,,False,,False,False,splash,False,False,before_first_level_countdown,False,,False,idle,False,,False,undecided,1.0,,,,,,,,,,True,h,r,studio-light,enter,True,True,q,False,s,False,f,True,standard,True,True,classic,,,,,,,,,,,,,,,,,uploads.ungrounded.net,5f48bcc5-1cd6-4396-97b8-d1d337fb76fa,e0fc445c-421f-436d-9c30-101e55886380,settings_snapshot,1772966937878
,1772972536665,settings_snapshot,custom,QfzHaxN6rWNHobxdL60aXQTro3r1,,,,,2026.04.0,,2026-03-08T12:22:16.665Z,83339b0e-c51d-4907-b218-2ab3c5478605,,,2026-03-08T12:22:17.506000+00:00,6577d5d9-7953-44a7-9274-e25f23374d21,,,,4iSAB4pPcmDak6OBWiby,nAHxVMCIAKRKlksJ8ZZF,,,,,,,initial_load,,,,,,False,False,,False,,False,False,splash,False,False,before_first_level_countdown,False,,False,idle,False,,False,undecided,1.0,,,,,,,,,,True,h,r,studio-light,enter,True,True,q,False,s,False,f,True,standard,True,True,classic,,,,,,,,,,,,,,,,,uploads.ungrounded.net,83339b0e-c51d-4907-b218-2ab3c5478605,6577d5d9-7953-44a7-9274-e25f23374d21,settings_snapshot,1772972536665
,1772974552890,settings_snapshot,custom,WBhVqZNw80ed3H9O9DhX0WQSUSr1,,,,,2026.04.0,,2026-03-08T12:55:52.890Z,c5fca247-66d4-4579-b2d7-70b20bfba20b,,,2026-03-08T12:55:53.167000+00:00,a64ee7b8-3db1-4788-8bc8-ff43fd4d0f9f,,,,voFb6DYjYTCaqdpIhHcj,sNDnHq3aTe4a6QDvXSG2,,,,,,,initial_load,,,,,,False,False,,False,,False,False,splash,False,False,before_first_level_countdown,False,,False,idle,False,,False,undecided,1.0,,,,,,,,,,True,h,r,studio-light,enter,True,True,q,False,s,False,f,True,standard,True,True,classic,,,,,,,,,,,,,,,,,uploads.ungrounded.net,c5fca247-66d4-4579-b2d7-70b20bfba20b,a64ee7b8-3db1-4788-8bc8-ff43fd4d0f9f,settings_snapshot,1772974552890
,1772984064288,settings_snapshot,custom,ZzJ7klW12fMohrZ2pCX2PMfEuB73,,,,,2026.04.0,,2026-03-08T15:34:24.288Z,1848f510-bbcd-49ac-99c3-807a812fbfd3,,,2026-03-08T15:34:25.460000+00:00,c0e19974-91e9-4fc4-b62a-6f8c6d278ee8,,,,RY4vBagn8XaDN7y4MqXW,5sZY3xjoaNazrKxD1peD,,,,,,,initial_load,,,,,,False,False,,False,,False,False,splash,False,False,before_first_level_countdown,False,,False,idle,False,,False,undecided,1.0,,,,,,,,,,True,h,r,studio-light,enter,True,True,q,False,s,False,f,True,standard,True,True,classic,,,,,,,,,,,,,,,,,uploads.ungrounded.net,1848f510-bbcd-49ac-99c3-807a812fbfd3,c0e19974-91e9-4fc4-b62a-6f8c6d278ee8,settings_snapshot,1772984064288
,1772986003199,settings_snapshot,custom,gTuZm9x9oAg3dMjdz24tAFyGQ6C2,,,,,2026.04.0,,2026-03-08T16:06:43.199Z,069488e0-2e7c-4bcb-b53e-8b9609bc53ea,,,2026-03-08T16:06:43.752000+00:00,7a6d05e3-b79d-413f-ba8e-04c9123dc9a0,,,,A0GsRS9qWVbpdPCo2Zqw,zXAzhcmCrRRwu2gnvxbY,,,,,,,initial_load,,,,,,False,False,,False,,False,False,splash,False,False,before_first_level_countdown,False,,False,idle,False,,False,undecided,1.0,,,,,,,,,,True,h,r,studio-light,enter,True,True,q,False,s,False,f,True,standard,True,True,classic,,,,,,,,,,,,,,,,,uploads.ungrounded.net,069488e0-2e7c-4bcb-b53e-8b9609bc53ea,7a6d05e3-b79d-413f-ba8e-04c9123dc9a0,settings_snapshot,1772986003199
,1772987609889,settings_snapshot,custom,nRdMy0ty0uWldrX7jyWzfSJDRIh1,,,,,2026.04.0,,2026-03-08T16:33:29.889Z,050a25d9-8c3d-4abe-9f45-a355e9e26587,,,2026-03-08T16:33:30.245000+00:00,086c11a1-5d07-48ea-aa10-4cb3c0cafa9f,,,,BCa51wQvSjGfgXHmcHbT,41AmKKjlxoFUtN5YN66P,,,,,,,initial_load,,,,,,False,False,,False,,False,False,splash,False,False,before_first_level_countdown,False,,False,idle,False,,False,undecided,1.0,,,,,,,,,,True,h,r,studio-light,enter,True,True,q,False,s,False,f,True,standard,True,True,classic,,,,,,,,,,,,,,,,,uploads.ungrounded.net,050a25d9-8c3d-4abe-9f45-a355e9e26587,086c11a1-5d07-48ea-aa10-4cb3c0cafa9f,settings_snapshot,1772987609889
,1772988287374,settings_snapshot,custom,JcUellTiQeV4jDgp13Jd2hCC8E62,,,,,2026.04.0,,2026-03-08T16:44:47.374Z,bd88a832-4d94-48ba-a4a0-9c8d4495f100,,,2026-03-08T16:52:34.543000+00:00,d61c002a-b1d6-4c3e-a4f8-75e920e943a5,,,,RYGm2foyu5gDMX56WstJ,RP3FP9tyyiELgatPkyjg,,,,,,,initial_load,,,,,,False,False,,False,,False,False,splash,False,False,before_first_level_countdown,False,,False,idle,False,,False,undecided,1.0,,,,,,,,,,True,h,r,studio-light,enter,True,True,q,False,s,False,f,True,standard,True,True,classic,,,,,,,,,,,,,,,,,uploads.ungrounded.net,bd88a832-4d94-48ba-a4a0-9c8d4495f100,d61c002a-b1d6-4c3e-a4f8-75e920e943a5,settings_snapshot,1772988287374
,1772988645842,settings_snapshot,custom,a0fzpVG1D2NIoicxxnMCWMbQh4u2,,,,,2026.04.0,,2026-03-08T16:50:45.842Z,0d3748a9-1460-4f5c-97eb-363a2a293cff,,,2026-03-08T14:50:28.878000+00:00,093cd560-b011-4a5d-b49d-90cf60a42e79,,,,POe8AYFrULRCqTqbktIo,z1bpBDBhEnvKdoCLXKrf,,,,,,,initial_load,,,,,,False,False,,False,,False,False,splash,False,False,before_first_level_countdown,False,,False,idle,False,,False,undecided,1.0,,,,,,,,,,True,h,r,studio-light,enter,True,True,q,False,s,False,f,True,standard,True,True,classic,,,,,,,,,,,,,,,,,uploads.ungrounded.net,0d3748a9-1460-4f5c-97eb-363a2a293cff,093cd560-b011-4a5d-b49d-90cf60a42e79,settings_snapshot,1772988645842
,1772991281022,settings_snapshot,custom,Zzq44WnQtFbZAg9s8z1p8qBA4pw1,,,,,2026.04.0,,2026-03-08T17:34:41.022Z,4f9eeb8c-1f40-4dc5-bc6e-bed60c894fe2,,,2026-03-08T17:34:40.838000+00:00,236f3878-b7ec-4e00-8f9d-8bca1ea15041,,,,rgoxz9FrEnt4J1ONjqPZ,32xh7eOPN7XlXlaByflX,,,,,,,initial_load,,,,,,False,False,,False,,False,False,splash,False,False,before_first_level_countdown,False,,False,idle,False,,False,undecided,1.0,,,,,,,,,,True,h,r,studio-light,enter,True,True,q,False,s,False,f,True,standard,True,True,classic,,,,,,,,,,,,,,,,,uploads.ungrounded.net,4f9eeb8c-1f40-4dc5-bc6e-bed60c894fe2,236f3878-b7ec-4e00-8f9d-8bca1ea15041,settings_snapshot,1772991281022
,1772994554583,settings_snapshot,custom,p5iw5mRfLDZkBa5G9SlAljkMKwi1,,,,,2026.04.0,,2026-03-08T18:29:14.583Z,97d475f2-500f-40fd-8000-def1cfa11e16,,,2026-03-08T18:29:14.631000+00:00,efc50570-43e0-4eb4-a1b6-a1e620ddf81e,,,,kGcfUjQSYeavTlQNwC4f,Yhll8bscMjjh3xR32Q1N,,,,,,,initial_load,,,,,,False,False,,False,,False,False,splash,False,False,before_first_level_countdown,False,,False,idle,False,,False,undecided,1.0,,,,,,,,,,True,h,r,studio-light,enter,True,True,q,False,s,False,f,True,standard,True,True,classic,,,,,,,,,,,,,,,,,uploads.ungrounded.net,97d475f2-500f-40fd-8000-def1cfa11e16,efc50570-43e0-4eb4-a1b6-a1e620ddf81e,settings_snapshot,1772994554583
,1772997027869,settings_snapshot,custom,7JsPGQwpPmY04hDrLk2PsSZeHoX2,,,,,2026.04.0,,2026-03-08T19:10:27.869Z,159cdbad-e4a2-41b3-a319-f2571d707632,,,2026-03-08T19:10:27.889000+00:00,e6e644a5-1c04-4386-9147-6ba9a9015c06,,,,8eCl9YIPy1DOohS36sdX,Zb12SjSaFuwKx5x57XHJ,,,,,,,initial_load,,,,,,False,False,,False,,False,False,splash,False,False,before_first_level_countdown,False,,False,idle,False,,False,undecided,1.0,,,,,,,,,,True,h,r,studio-light,enter,True,True,q,False,s,False,f,True,standard,True,True,classic,,,,,,,,,,,,,,,,,uploads.ungrounded.net,159cdbad-e4a2-41b3-a319-f2571d707632,e6e644a5-1c04-4386-9147-6ba9a9015c06,settings_snapshot,1772997027869
,1772997699694,settings_snapshot,custom,cy0igKD04ERMiPTF5Gm681bRuip2,,,,,2026.04.0,,2026-03-08T19:21:39.694Z,df445cb7-7565-48e0-8259-c3fd1f58d33e,,,2026-03-08T19:21:41.260000+00:00,1c69ac44-4198-4390-9ad7-b4c25014353f,,,,ZYp1rmX3P1hN128PYePf,3ygjPrHSSlu8VqlO81Bw,,,,,,,initial_load,,,,,,False,False,,False,,False,False,splash,False,False,before_first_level_countdown,False,,False,idle,False,,False,undecided,1.0,,,,,,,,,,True,h,r,studio-light,enter,True,True,q,False,s,False,f,True,standard,True,True,classic,,,,,,,,,,,,,,,,,uploads.ungrounded.net,df445cb7-7565-48e0-8259-c3fd1f58d33e,1c69ac44-4198-4390-9ad7-b4c25014353f,settings_snapshot,1772997699694
,1773000055401,settings_snapshot,custom,rOIvRLztCNgg4RSnmDYSAoBB0tA2,,,,,2026.04.0,,2026-03-08T20:00:55.401Z,08d0a8b8-bf67-4804-bb2f-29d0d0b2ed65,,,2026-03-08T20:00:59.683000+00:00,add54316-20e5-4bcb-ba20-c647cb4f4b5e,,,,o7Usi3dImwpN5Pf5rNEO,x0WksAwluezDR7ngVyDA,,,,,,,initial_load,,,,,,False,False,,False,,False,False,splash,False,False,before_first_level_countdown,False,,False,idle,False,,False,undecided,1.0,,,,,,,,,,True,h,r,studio-light,enter,True,True,q,False,s,False,f,True,standard,True,True,classic,,,,,,,,,,,,,,,,,uploads.ungrounded.net,08d0a8b8-bf67-4804-bb2f-29d0d0b2ed65,add54316-20e5-4bcb-ba20-c647cb4f4b5e,settings_snapshot,1773000055401
,1773025447313,settings_snapshot,custom,DjHQhc54Z7bQT78jqPpzmd1iZf52,,,,,2026.04.0,,2026-03-09T03:04:07.313Z,c55bb09f-e662-4b99-8c19-4f450ce8a870,,,2026-03-09T03:04:08.359000+00:00,905cfd91-aca1-4150-8646-13f102a3eb5e,,,,cJvbvrotbY2tEg2OCD5i,oukiwt14v4OjoKWdUa9R,,,,,,,initial_load,,,,,,False,False,,False,,False,False,splash,False,False,before_first_level_countdown,False,,False,idle,False,,False,undecided,1.0,,,,,,,,,,True,h,r,studio-light,enter,True,True,q,False,s,False,f,True,standard,True,True,classic,,,,,,,,,,,,,,,,,uploads.ungrounded.net,c55bb09f-e662-4b99-8c19-4f450ce8a870,905cfd91-aca1-4150-8646-13f102a3eb5e,settings_snapshot,1773025447313
,1773032362481,settings_snapshot,custom,0e9HRvJEizdOwugFXROhhOPUQSi2,,,,,2026.04.0,,2026-03-09T04:59:22.481Z,09c17bfa-a2de-41c5-aa2a-7702aabd52de,,,2026-03-09T04:59:20.727000+00:00,338f8821-bbc8-4531-a5b7-75a4dc18d9e3,,,,B0RzwRXM4pajSCfQyY6M,yrwxtJiL1A7rzbfAWTsP,,,,,,,initial_load,,,,,,False,False,,False,,False,False,splash,False,False,before_first_level_countdown,False,,False,idle,False,,False,undecided,1.0,,,,,,,,,,True,h,r,studio-light,enter,True,True,q,False,s,False,f,True,standard,True,True,classic,,,,,,,,,,,,,,,,,uploads.ungrounded.net,09c17bfa-a2de-41c5-aa2a-7702aabd52de,338f8821-bbc8-4531-a5b7-75a4dc18d9e3,settings_snapshot,1773032362481
,1773033424756,settings_snapshot,custom,0xUEjfNnulgStTW2T3hF0zpfjFi2,,,,,2026.04.0,,2026-03-09T05:17:04.756Z,1aae25d5-2068-4960-aa4b-7713a328897e,,,2026-03-09T05:17:03.146000+00:00,929c931a-a5bd-4726-a6fb-fe48aabbe555,,,,9eEJTdvxx0fMS5CdOgjv,muFN2ghRi0pyVQLdUlUb,,,,,,,initial_load,,,,,,False,False,,False,,False,False,splash,False,False,before_first_level_countdown,False,,False,idle,False,,False,undecided,1.0,,,,,,,,,,True,h,r,studio-light,enter,True,True,q,False,s,False,f,True,standard,True,True,classic,,,,,,,,,,,,,,,,,uploads.ungrounded.net,1aae25d5-2068-4960-aa4b-7713a328897e,929c931a-a5bd-4726-a6fb-fe48aabbe555,settings_snapshot,1773033424756
,1773036485384,settings_snapshot,custom,Zx5Yhw2PFvNQmakysSXfUHIA0Qw2,,,,,2026.04.0,,2026-03-09T06:08:05.384Z,0acf1994-bb46-4c16-b68e-7884cd492c0e,,,2026-03-09T06:08:05.421000+00:00,7fd064f6-8900-4f27-948b-f08e9ea412cb,,,,CtjgeL6pjUaqv4XjTZxI,7XGXEFUzogZfteRcbyCl,,,,,,,initial_load,,,,,,False,False,,False,,False,False,splash,False,False,before_first_level_countdown,False,,False,idle,False,,False,undecided,1.0,,,,,,,,,,True,h,r,studio-light,enter,True,True,q,False,s,False,f,True,standard,True,True,classic,,,,,,,,,,,,,,,,,uploads.ungrounded.net,0acf1994-bb46-4c16-b68e-7884cd492c0e,7fd064f6-8900-4f27-948b-f08e9ea412cb,settings_snapshot,1773036485384
,1773039782520,settings_snapshot,custom,kG1lkmxokJVFtQhA2ebK75pPIJB2,,,,,2026.04.0,,2026-03-09T07:03:02.520Z,8a0afb86-6c01-4b6e-bc2d-86a8db7b5448,,,2026-03-09T07:03:03.143000+00:00,e27d8a1e-c9ee-430e-ad60-cef27708103b,,,,CteCmLzZl5tvevY6u82V,wUWBfHgLeuyrBlaKWlC0,,,,,,,initial_load,,,,,,False,False,,False,,False,False,splash,False,False,before_first_level_countdown,False,,False,idle,False,,False,undecided,1.0,,,,,,,,,,True,h,r,studio-light,enter,True,True,q,False,s,False,f,True,standard,True,True,classic,,,,,,,,,,,,,,,,,serve.gamejolt.net,8a0afb86-6c01-4b6e-bc2d-86a8db7b5448,e27d8a1e-c9ee-430e-ad60-cef27708103b,settings_snapshot,1773039782520
,1773041312234,settings_snapshot,custom,kKf3mFuuJWOL6y4Sm5eYSoJQB5i1,,,,,2026.04.0,,2026-03-09T07:28:32.234Z,054aa2af-01bb-43d5-beb4-b4e82cda281d,,,2026-03-09T07:34:59.168000+00:00,dfe20491-7f2d-49b0-b6ce-06ea8f905622,,,,jPpTCjKonxwQyBt3pDso,fFbGlq29N1riNHQRJ8eN,,,,,,,setting_change,,,,,,False,False,,False,,False,True,home,False,False,settings,False,,True,idle,False,,False,B,3.0,,,,,,,,,,True,h,r,prism-parade,enter,True,True,q,True,s,False,f,True,standard,True,True,classic,,,,,,,,,,,enter_to_next_enabled,,,,,,uploads.ungrounded.net,054aa2af-01bb-43d5-beb4-b4e82cda281d,dfe20491-7f2d-49b0-b6ce-06ea8f905622,settings_snapshot,1773041312234
,1773041559824,settings_snapshot,custom,D5Awe1Raq7PJvc6L62m9KLqDmD43,,,,,2026.04.0,,2026-03-09T07:32:39.824Z,e66c8a84-2d02-45d0-a0f1-afc686534d5e,,,2026-03-09T07:32:40.005000+00:00,b02d116f-6c88-4fec-9d31-8ecc44757745,,,,pRGYYcYCMbkPy1kLc5ri,cPugRV01DUWruSgOGt4F,,,,,,,initial_load,,,,,,False,False,,False,,False,False,splash,False,False,before_first_level_countdown,False,,False,idle,False,,False,undecided,1.0,,,,,,,,,,True,h,r,studio-light,enter,True,True,q,False,s,False,f,True,standard,True,True,classic,,,,,,,,,,,,,,,,,uploads.ungrounded.net,e66c8a84-2d02-45d0-a0f1-afc686534d5e,b02d116f-6c88-4fec-9d31-8ecc44757745,settings_snapshot,1773041559824
,1773058703414,settings_snapshot,custom,wDSkigmNdrPqsuX6vIaX7koiadx2,,,,,2026.04.0,,2026-03-09T12:18:23.414Z,efb80220-feb4-4fee-b9ee-543e4e78bb14,,,2026-03-09T12:18:23.942000+00:00,7d3e3a17-cea4-4c59-b3fe-15150b0f34f0,,,,zX1zZMZCRmDzCJRWYWaH,6uk7x2lC8dEw4HybOW3w,,,,,,,initial_load,,,,,,False,False,,False,,False,False,splash,False,False,before_first_level_countdown,False,,False,idle,False,,False,undecided,1.0,,,,,,,,,,True,h,r,studio-light,enter,True,True,q,False,s,False,f,True,standard,True,True,classic,,,,,,,,,,,,,,,,,serve.gamejolt.net,efb80220-feb4-4fee-b9ee-543e4e78bb14,7d3e3a17-cea4-4c59-b3fe-15150b0f34f0,settings_snapshot,1773058703414
,1773059730740,settings_snapshot,custom,w7gD2nUMKscMv9q7EHhXyYg81Z53,,,,,2026.04.0,,2026-03-09T12:35:30.740Z,10f8cfbf-ed9d-4c41-84e5-d14b1045de1c,,,2026-03-09T12:35:30.832000+00:00,92ea7745-0461-4a3c-8a8a-14b7f8173389,,,,gYf694XAtA79x2VWGB28,XCUcUkgsm2wRWUWcqccO,,,,,,,initial_load,,,,,,False,False,,False,,False,False,splash,False,False,before_first_level_countdown,False,,False,idle,False,,False,undecided,1.0,,,,,,,,,,True,h,r,studio-light,enter,True,True,q,False,s,False,f,True,standard,True,True,classic,,,,,,,,,,,,,,,,,uploads.ungrounded.net,10f8cfbf-ed9d-4c41-84e5-d14b1045de1c,92ea7745-0461-4a3c-8a8a-14b7f8173389,settings_snapshot,1773059730740
,1773069013733,settings_snapshot,custom,SHC6WgBEh2eAIlAN0Zi8wz8SJk43,,,,,2026.04.0,,2026-03-09T15:10:13.733Z,fa38f248-631f-41f2-8e18-e103112261f3,,,2026-03-09T15:10:13.360000+00:00,18e3ce12-1fde-4626-a6a5-7013b225093d,,,,pLVd6hNXIQy5Y2sP2hDF,T28SqnUhXBTGKnMsCj70,,,,,,,initial_load,,,,,,False,False,,False,,False,False,splash,False,False,before_first_level_countdown,False,,False,idle,False,,False,undecided,1.0,,,,,,,,,,True,h,r,studio-light,enter,True,True,q,False,s,False,f,True,standard,True,True,classic,,,,,,,,,,,,,,,,,uploads.ungrounded.net,fa38f248-631f-41f2-8e18-e103112261f3,18e3ce12-1fde-4626-a6a5-7013b225093d,settings_snapshot,1773069013733
,1773073603622,settings_snapshot,custom,oWk4VrXPCdUohdXCLNp1snOYf663,,,,,2026.04.0,,2026-03-09T16:26:43.622Z,91aeba1c-6386-444c-96e4-6da8a3fb542a,,,2026-03-09T16:26:43.727000+00:00,f0ae6c6f-e6dc-467f-bb45-4c85e470f528,,,,AR58iCUb8zFUWgl1BnJW,jr0uXzK1ahnZGgMfOJ0t,,,,,,,initial_load,,,,,,False,False,,False,,False,False,splash,False,False,before_first_level_countdown,False,,False,idle,False,,False,undecided,1.0,,,,,,,,,,True,h,r,studio-light,enter,True,True,q,False,s,False,f,True,standard,True,True,classic,,,,,,,,,,,,,,,,,serve.gamejolt.net,91aeba1c-6386-444c-96e4-6da8a3fb542a,f0ae6c6f-e6dc-467f-bb45-4c85e470f528,settings_snapshot,1773073603622
,1773074269548,settings_snapshot,custom,ZhJgSA01lhaV7Z4g9GxVaZg20fs2,,,,,2026.04.0,,2026-03-09T16:37:49.548Z,a95976d7-1b4a-432d-bf1c-d17d86837ce1,,,2026-03-09T16:37:49.589000+00:00,cc69321b-5fa9-4728-ba6d-cb73c5fc254d,,,,dyIHQkYD9F7TZnl5NMvF,Gwc3qcAxhvQKD1dPtNqw,,,,,,,initial_load,,,,,,False,False,,False,,False,False,splash,False,False,before_first_level_countdown,False,,False,idle,False,,False,undecided,1.0,,,,,,,,,,True,h,r,studio-light,enter,True,True,q,False,s,False,f,True,standard,True,True,classic,,,,,,,,,,,,,,,,,uploads.ungrounded.net,a95976d7-1b4a-432d-bf1c-d17d86837ce1,cc69321b-5fa9-4728-ba6d-cb73c5fc254d,settings_snapshot,1773074269548
,1773080633613,settings_snapshot,custom,wEdZQMrUcQWpHzTqyVhjmNTN1g22,,,,,2026.04.0,,2026-03-09T18:23:53.613Z,94457d9b-f90e-42e2-9ebc-4bb3a92ce768,,,2026-03-09T18:23:54.570000+00:00,832bf59e-5979-4694-886e-4774aac96f66,,,,rtyGf8HeVZgCKja4Jq46,1iA6nJpf4j5A315uLp5C,,,,,,,initial_load,,,,,,False,False,,False,,False,True,splash,False,False,before_first_level_countdown,False,,False,idle,False,,False,B,1.0,,,,,,,,,,True,h,r,studio-light,enter,True,True,q,False,s,False,f,True,standard,True,True,classic,,,,,,,,,,,,,,,,,uploads.ungrounded.net,94457d9b-f90e-42e2-9ebc-4bb3a92ce768,832bf59e-5979-4694-886e-4774aac96f66,settings_snapshot,1773080633613
,1773081544474,settings_snapshot,custom,74BWUpSvRvYzQHw9lPKdBVOiNij2,,,,,2026.04.0,,2026-03-09T18:39:04.474Z,ad2babd7-688d-4945-b1ea-29fd2f7d0e01,,,2026-03-09T18:39:04.887000+00:00,8185cb13-fc23-4d12-a05b-0e1738a3052f,,,,di0sjh5Z1fh1ES0wcw2O,rizRDmKvuIqSELdkMIc2,,,,,,,initial_load,,,,,,False,False,,False,,False,False,splash,False,False,before_first_level_countdown,False,,False,idle,False,,False,undecided,1.0,,,,,,,,,,True,h,r,studio-light,enter,True,True,q,False,s,False,f,True,standard,True,True,classic,,,,,,,,,,,,,,,,,serve.gamejolt.net,ad2babd7-688d-4945-b1ea-29fd2f7d0e01,8185cb13-fc23-4d12-a05b-0e1738a3052f,settings_snapshot,1773081544474
,1773085964833,settings_snapshot,custom,P3rxZo0Og1Rg7rsibkRBbgGCq3u1,,,,,2026.04.0,,2026-03-09T19:52:44.833Z,a2098b6f-4eb7-4cb2-abb1-675c18606b87,,,2026-03-09T19:52:49.803000+00:00,f583c242-7379-425d-a687-bafaeae57288,,,,5Lf01RSzCxlN7xiyXfVQ,9eOKhugYiOxyj4a6y8j7,,,,,,,setting_change,,,,,,False,False,,False,,False,True,home,False,False,settings,False,,True,idle,False,,False,A,3.0,,,,,,,,,,True,h,r,studio-light,enter,True,True,q,True,s,False,f,True,standard,True,True,classic,,,,,,,,,,,enter_to_next_enabled,,,,,,uploads.ungrounded.net,a2098b6f-4eb7-4cb2-abb1-675c18606b87,f583c242-7379-425d-a687-bafaeae57288,settings_snapshot,1773085964833
,1773086641486,settings_snapshot,custom,BRxORH9htCb8yOMpFVevdGmaoJV2,,,,,2026.04.0,,2026-03-09T20:04:01.486Z,ad05f017-721b-4296-8a26-7c627dadac78,,,2026-03-09T20:04:02.515000+00:00,6ee16ed1-079a-4285-824a-0829afc0eb67,,,,DoJP6JLAMtbEhkJHW6I5,FFaCfn7n0Q71cNHAEBvz,,,,,,,initial_load,,,,,,False,False,,False,,False,False,splash,False,False,before_first_level_countdown,False,,False,idle,False,,False,undecided,1.0,,,,,,,,,,True,h,r,studio-light,enter,True,True,q,False,s,False,f,True,standard,True,True,classic,,,,,,,,,,,,,,,,,uploads.ungrounded.net,ad05f017-721b-4296-8a26-7c627dadac78,6ee16ed1-079a-4285-824a-0829afc0eb67,settings_snapshot,1773086641486
,1773088038613,settings_snapshot,custom,yA9H8v6UVzX2wXSBT8t7kCn26oO2,,,,,2026.04.0,,2026-03-09T20:27:18.613Z,6ff26c69-c2d9-4876-b054-cae9e405a4b9,,,2026-03-09T20:27:20.875000+00:00,6c76a9db-f2f7-4a60-8719-9aa24ecb28eb,,,,8CXW0DOP2QFR05z9bah9,LSVedJOsEy0QXTHCIYKr,,,,,,,appearance_change,,,,,,False,False,,False,,False,True,home,False,False,settings,False,,True,idle,False,,False,A,5.0,,,,,,,,,,True,h,r,pastel-pink,enter,True,True,q,False,s,False,f,True,standard,True,True,classic,,,,,,,,True,,,,,,,,,uploads.ungrounded.net,6ff26c69-c2d9-4876-b054-cae9e405a4b9,6c76a9db-f2f7-4a60-8719-9aa24ecb28eb,settings_snapshot,1773088038613
,1773090201997,settings_snapshot,custom,3ikbWniySqRRVG8WjQ5cZmGhRvk1,,,,,2026.04.0,,2026-03-09T21:03:21.997Z,b18b9c65-79cc-495c-bddb-5dcbf58603fd,,,2026-03-09T21:03:23.508000+00:00,c02b5b38-3c74-407a-a22c-7399e81abab0,,,,YrrYAxUEp5EjwwW8qmim,FJ4k8eCelosgUXFyD3X8,,,,,,,setting_change,,,,,,False,False,,False,,False,True,home,False,False,settings,False,,True,idle,False,,False,B,2.0,,,,,,,,,,True,h,r,studio-light,enter,True,True,q,True,s,False,f,True,standard,True,True,classic,,,,,,,,,,,enter_to_next_enabled,,,,,,uploads.ungrounded.net,b18b9c65-79cc-495c-bddb-5dcbf58603fd,c02b5b38-3c74-407a-a22c-7399e81abab0,settings_snapshot,1773090201997
,1773090365674,settings_snapshot,custom,2Ks1JeNsUxXreqmMkziVDrPbAp62,,,,,2026.04.0,,2026-03-09T21:06:05.674Z,e45a7ad3-a83f-406a-923d-eb0bc04b565c,,,2026-03-09T21:06:04.712000+00:00,6110fd9b-67ab-41e3-b0f6-55d9db289f7d,,,,vYIFafkforZfBnItxgqY,mUXiYakABTL0BFpSgvwu,,,,,,,initial_load,,,,,,False,False,,False,,False,False,splash,False,False,before_first_level_countdown,False,,False,idle,False,,False,undecided,1.0,,,,,,,,,,True,h,r,studio-light,enter,True,True,q,False,s,False,f,True,standard,True,True,classic,,,,,,,,,,,,,,,,,uploads.ungrounded.net,e45a7ad3-a83f-406a-923d-eb0bc04b565c,6110fd9b-67ab-41e3-b0f6-55d9db289f7d,settings_snapshot,1773090365674
,1773091833044,settings_snapshot,custom,oorx1iTDohatQA5dnJSLDeW4LI12,,,,,2026.04.0,,2026-03-09T21:30:33.044Z,9977b27d-75a1-454f-bfd4-e82c8ac7eab9,,,2026-03-09T21:30:36.435000+00:00,1aceb40d-edcf-4ded-8dc0-fee502af882c,,,,vyT959jlC32M9nctZ59x,tEgHYYEOfR9kRtpmFDyv,,,,,,,initial_load,,,,,,False,False,,False,,False,False,splash,False,False,before_first_level_countdown,False,,False,idle,False,,False,undecided,1.0,,,,,,,,,,True,h,r,studio-light,enter,True,True,q,False,s,False,f,True,standard,True,True,classic,,,,,,,,,,,,,,,,,serve.gamejolt.net,9977b27d-75a1-454f-bfd4-e82c8ac7eab9,1aceb40d-edcf-4ded-8dc0-fee502af882c,settings_snapshot,1773091833044
,1773095492986,settings_snapshot,custom,LvgFNwU4ZScfS04q9HPRaop1T4y2,,,,,2026.04.0,,2026-03-09T22:31:32.986Z,ce322dbb-b8c7-43cc-a535-87be9bade9f0,,,2026-03-09T22:31:32.388000+00:00,0393fd48-ed38-46f1-98d9-11dada5b0e7a,,,,U53XYZI0dRqNZ5u8zKd0,o0luvTFJbb1b75k4cdcG,,,,,,,initial_load,,,,,,False,False,,False,,False,True,splash,False,False,before_first_level_countdown,False,,False,idle,False,,False,B,1.0,,,,,,,,,,True,h,r,studio-light,enter,True,False,q,False,s,False,f,True,standard,True,True,classic,,,,,,,,,,,,,,,,,uploads.ungrounded.net,ce322dbb-b8c7-43cc-a535-87be9bade9f0,0393fd48-ed38-46f1-98d9-11dada5b0e7a,settings_snapshot,1773095492986
,1773096487485,settings_snapshot,custom,q0pAgQL3T3WHemAcfwBCwcfsbVh2,,,,,2026.04.0,,2026-03-09T22:48:07.485Z,5400b779-7301-4c8f-a7f2-a106d88f21f6,,,2026-03-09T22:48:07.681000+00:00,c0a162c8-a010-464f-b9df-3d1e5900f905,,,,eHahUfoXbmfWCD0Wd9sL,craxoZ3sh50zN6GYhZDN,,,,,,,initial_load,,,,,,False,False,,False,,False,False,splash,False,False,before_first_level_countdown,False,,False,idle,False,,False,undecided,1.0,,,,,,,,,,True,h,r,studio-light,enter,True,True,q,False,s,False,f,True,standard,True,True,classic,,,,,,,,,,,,,,,,,uploads.ungrounded.net,5400b779-7301-4c8f-a7f2-a106d88f21f6,c0a162c8-a010-464f-b9df-3d1e5900f905,settings_snapshot,1773096487485
,1773096929247,settings_snapshot,custom,0AxYMeKGtXMmFH1IWzFqzStaJ9I2,,,,,2026.04.0,,2026-03-09T22:55:29.247Z,48fb8784-5107-44cf-a2f6-a7ccc72ddd23,,,2026-03-09T22:55:29.323000+00:00,cc57e7c4-f030-4fc5-97a3-69b1ff839fe5,,,,hVbfheUUQl0mvI8VxFPC,QckAtF1LQgu6ANv1mXNZ,,,,,,,initial_load,,,,,,False,False,,False,,False,False,splash,False,False,before_first_level_countdown,False,,False,idle,False,,False,undecided,1.0,,,,,,,,,,True,h,r,studio-light,enter,True,True,q,False,s,False,f,True,standard,True,True,classic,,,,,,,,,,,,,,,,,uploads.ungrounded.net,48fb8784-5107-44cf-a2f6-a7ccc72ddd23,cc57e7c4-f030-4fc5-97a3-69b1ff839fe5,settings_snapshot,1773096929247
,1773097840545,settings_snapshot,custom,1UhlwmEfTzaqqiCkmTBfyYcnEBC2,,,,,2026.04.0,,2026-03-09T23:10:40.545Z,d2801c77-9085-4bfb-a9c6-8d64e9fb0792,,,2026-03-09T23:10:40.665000+00:00,d2f127d4-9e22-4af1-bfd4-fc89fd422f85,,,,ikByY0MJ7DUCMFmV0qRi,YDP1wQEbU1UAtsWdwE1p,,,,,,,initial_load,,,,,,False,False,,False,,False,True,splash,False,False,before_first_level_countdown,False,,False,idle,False,,False,B,1.0,,,,,,,,,,True,h,r,studio-light,enter,True,True,q,False,s,False,f,True,standard,True,True,classic,,,,,,,,,,,,,,,,,uploads.ungrounded.net,d2801c77-9085-4bfb-a9c6-8d64e9fb0792,d2f127d4-9e22-4af1-bfd4-fc89fd422f85,settings_snapshot,1773097840545
,1773098916011,settings_snapshot,custom,eEwXFKB2rqQbWehM5HnREvz0pzb2,,,,,2026.04.0,,2026-03-09T23:28:36.011Z,7193a53d-4d9c-4ff7-970b-1ab60ace7ef5,,,2026-03-09T23:28:37.416000+00:00,6d48e6ec-2da6-48aa-9849-ee65010becfd,,,,SLogw1ZAhbEn26qWS9Ud,Is3ii5y0zeNgaLA0yp9v,,,,,,,initial_load,,,,,,False,False,,False,,False,False,splash,False,False,before_first_level_countdown,False,,False,idle,False,,False,undecided,1.0,,,,,,,,,,True,h,r,studio-light,enter,True,True,q,False,s,False,f,True,standard,True,True,classic,,,,,,,,,,,,,,,,,serve.gamejolt.net,7193a53d-4d9c-4ff7-970b-1ab60ace7ef5,6d48e6ec-2da6-48aa-9849-ee65010becfd,settings_snapshot,1773098916011
,1773100417794,settings_snapshot,custom,AetZruyePBRookOKUmFfhiVeBss1,,,,,2026.04.0,,2026-03-09T23:53:37.794Z,57e37a24-fe2c-4089-9fb9-9fd368cd9862,,,2026-03-09T23:53:38.048000+00:00,e493e865-ed84-412b-ab4a-8aa9917906e0,,,,knlHgmb0G7eyF4skWDyu,YSX4mujlDVa7D2BLEoqP,,,,,,,initial_load,,,,,,False,False,,False,,False,True,splash,False,False,before_first_level_countdown,False,,False,idle,False,,False,B,1.0,,,,,,,,,,True,h,r,studio-light,enter,True,True,q,False,s,False,f,True,standard,True,True,classic,,,,,,,,,,,,,,,,,uploads.ungrounded.net,57e37a24-fe2c-4089-9fb9-9fd368cd9862,e493e865-ed84-412b-ab4a-8aa9917906e0,settings_snapshot,1773100417794
,1773100808262,settings_snapshot,custom,0hruvBkwNPSPOLVSUVlOBo7bOWt1,,,,,2026.04.0,,2026-03-10T00:00:08.262Z,9357554b-0125-4fbd-b900-2db202ac4710,,,2026-03-10T00:00:08.401000+00:00,36235b28-31dc-43c5-9c24-83f8c17a3811,,,,hk1MdK7ydBoxov4HYeXg,KrMAFF13hJ21ZR1dofSg,,,,,,,initial_load,,,,,,False,False,,False,,False,False,splash,False,False,before_first_level_countdown,False,,False,idle,False,,False,undecided,1.0,,,,,,,,,,True,h,r,studio-light,enter,True,True,q,False,s,False,f,True,standard,True,True,classic,,,,,,,,,,,,,,,,,uploads.ungrounded.net,9357554b-0125-4fbd-b900-2db202ac4710,36235b28-31dc-43c5-9c24-83f8c17a3811,settings_snapshot,1773100808262
,1773100893007,settings_snapshot,custom,pKgL4rMoe6cnCvKDhPvr4HfM7Ub2,,,,,2026.04.0,,2026-03-10T00:01:33.007Z,719d008c-8097-4432-80ea-087cd66db4b1,,,2026-03-10T00:01:34.048000+00:00,d81125c8-890c-41c6-96de-73498ca1c66e,,,,Fl4fo5SvKZYwXBZA0r19,s8m3kmUlUWVqafQix9zo,,,,,,,initial_load,,,,,,False,False,,False,,False,False,splash,False,False,before_first_level_countdown,False,,False,idle,False,,False,undecided,1.0,,,,,,,,,,True,h,r,studio-light,enter,True,True,q,False,s,False,f,True,standard,True,True,classic,,,,,,,,,,,,,,,,,serve.gamejolt.net,719d008c-8097-4432-80ea-087cd66db4b1,d81125c8-890c-41c6-96de-73498ca1c66e,settings_snapshot,1773100893007
,1773100924414,settings_snapshot,custom,h7hfDhKtqAdDMdDlMPLfIMKmEFF2,,,,,2026.04.0,,2026-03-10T00:02:04.414Z,9be0bb25-e7bf-4d3d-b086-d749db5cc000,,,2026-03-10T00:02:04.951000+00:00,3deb0762-2c72-4f4f-b2d9-8f91f4b9c4c4,,,,SuvSyKXKafnjxzXKF38M,TsDPu2zss9AtkcJmXjQe,,,,,,,initial_load,,,,,,False,False,,False,,False,False,splash,False,False,before_first_level_countdown,False,,False,idle,False,,False,undecided,1.0,,,,,,,,,,True,h,r,studio-light,enter,True,True,q,False,s,False,f,True,standard,True,True,classic,,,,,,,,,,,,,,,,,serve.gamejolt.net,9be0bb25-e7bf-4d3d-b086-d749db5cc000,3deb0762-2c72-4f4f-b2d9-8f91f4b9c4c4,settings_snapshot,1773100924414
,1773100965669,settings_snapshot,custom,oWw1Nol8b6dNFXx3ujcIzR7Bxk72,,,,,2026.04.0,,2026-03-10T00:02:45.669Z,fd112739-c8d5-4429-aa1a-3bd0079f8be5,,,2026-03-10T00:02:46.552000+00:00,d6affa50-f8db-412a-b4e8-078af35332d3,,,,ShhqjAMZAZrTQ2XwRLNC,6m8LrzEIy5EWtKwUmbTV,,,,,,,initial_load,,,,,,False,False,,False,,False,False,splash,False,False,before_first_level_countdown,False,,False,idle,False,,False,undecided,1.0,,,,,,,,,,True,h,r,studio-light,enter,True,True,q,False,s,False,f,True,standard,True,True,classic,,,,,,,,,,,,,,,,,serve.gamejolt.net,fd112739-c8d5-4429-aa1a-3bd0079f8be5,d6affa50-f8db-412a-b4e8-078af35332d3,settings_snapshot,1773100965669
,1773104077323,settings_snapshot,custom,jgB5zdtCIBVhU1VtWRQ5GFHX4Py2,,,,,2026.04.0,,2026-03-10T00:54:37.323Z,id-1773104076233-2d71f896aabc08,,,2026-03-10T00:54:39.374000+00:00,id-1773100917089-9d9303ebd7e868,,,,nCorqS5lwDVykDIgD3lH,Gu2UnUy1sFJ8fpNrRDS9,,,,,,,initial_load,,,,,,False,False,,False,,False,True,splash,False,False,before_first_level_countdown,False,,False,idle,False,,False,B,1.0,,,,,,,,,,True,h,r,studio-light,enter,True,True,q,False,s,False,f,True,standard,True,True,classic,,,,,,,,,,,,,,,,,serve.gamejolt.net,id-1773104076233-2d71f896aabc08,id-1773100917089-9d9303ebd7e868,settings_snapshot,1773104077323
,1773108742238,settings_snapshot,custom,12M4X1WoMGTtsPgyXYAdTUaQ2wq2,,,,,2026.04.0,,2026-03-10T02:12:22.238Z,2cca7314-2395-46a0-b67c-7ee7e87548f2,,,2026-03-10T02:12:22.283000+00:00,5a4af9e6-c4da-458b-89a1-688feebd76ea,,,,0Athy26pU4niQaxl1fjE,sdPk7T8K01jHmpD8ZH7D,,,,,,,initial_load,,,,,,False,False,,False,,False,False,splash,False,False,before_first_level_countdown,False,,False,idle,False,,False,undecided,1.0,,,,,,,,,,True,h,r,studio-light,enter,True,True,q,False,s,False,f,True,standard,True,True,classic,,True,,,,,,,,,,,,,,,uploads.ungrounded.net,2cca7314-2395-46a0-b67c-7ee7e87548f2,5a4af9e6-c4da-458b-89a1-688feebd76ea,settings_snapshot,1773108742238
,1773108853281,settings_snapshot,custom,laduhza9OwPwalkPKpxhRLGFgS53,,,,,2026.04.0,,2026-03-10T02:14:13.281Z,1db61e00-e8a3-4491-a187-f0edd6085cf9,,,2026-03-10T02:14:14.403000+00:00,1baa6b31-4819-4fe1-91a7-3bf8e145de7f,,,,C05FbAGPETQ6ToNmWawT,1x1PXvqi7QwfztlHoczz,,,,,,,initial_load,,,,,,False,False,,False,,False,False,splash,False,False,before_first_level_countdown,False,,False,idle,False,,False,undecided,1.0,,,,,,,,,,True,h,r,studio-light,enter,True,False,q,False,s,False,f,False,standard,True,False,classic,,True,,,,,,,,,,,,,,,serve.gamejolt.net,1db61e00-e8a3-4491-a187-f0edd6085cf9,1baa6b31-4819-4fe1-91a7-3bf8e145de7f,settings_snapshot,1773108853281
,1773108870403,settings_snapshot,custom,wEdZQMrUcQWpHzTqyVhjmNTN1g22,,,,,2026.04.0,,2026-03-10T02:14:30.403Z,0365df14-887a-4a3c-8b5a-bf9b71519608,,,2026-03-10T02:14:31.532000+00:00,e3b59f68-6252-4fa9-b38c-e095b0839eb7,,,,32kDm8XqqMLB4ZfF315g,CF570oz6WFDARDTYZ0MH,,,,,,,initial_load,,,,,,False,False,,False,,False,True,splash,False,False,before_first_level_countdown,False,,False,idle,False,,False,B,1.0,,,,,,,,,,True,h,r,prism-parade,enter,True,False,q,True,s,False,f,True,standard,True,True,classic,,True,,,,,,,,,,,,,,,uploads.ungrounded.net,0365df14-887a-4a3c-8b5a-bf9b71519608,e3b59f68-6252-4fa9-b38c-e095b0839eb7,settings_snapshot,1773108870403
,1773109149828,settings_snapshot,custom,1F9bXcIBahSUmvIdD1Vee9sutIm2,,,,,2026.04.0,,2026-03-10T02:19:09.828Z,74438ada-f163-4f1d-a07d-24f48d424be4,,,2026-03-10T02:19:09.871000+00:00,7b41b0fc-1e8d-4bd5-a320-f6fe82978629,,,,fcJc8s0mo2UWfHQeu3oW,mFC9aouhHvgHQZQlZvof,,,,,,,initial_load,,,,,,False,False,,False,,False,True,splash,False,False,before_first_level_countdown,False,,False,idle,False,,False,A,1.0,,,,,,,,,,True,h,r,studio-light,enter,True,True,q,False,s,False,f,True,standard,False,False,classic,,True,,,,,,,,,,,,,,,uploads.ungrounded.net,74438ada-f163-4f1d-a07d-24f48d424be4,7b41b0fc-1e8d-4bd5-a320-f6fe82978629,settings_snapshot,1773109149828
